trait,level,term,coef,se,t,p,n,r2,adj_r2,x_spec
extraversion_mean_z,overall,const,-0.27125379160456015,0.16296437836479488,-1.6644974461680209,0.09601306099688159,254,0.19075284742768828,0.11368169003984896,pooled+cityFE
extraversion_mean_z,overall,env_greenery_z,-0.023923650026019802,0.15355721276066267,-0.15579632891167203,0.8761935643959463,254,0.19075284742768828,0.11368169003984896,pooled+cityFE
extraversion_mean_z,overall,env_open_space_z,-0.18939669761711117,0.1703767873360241,-1.1116343991366338,0.2662953760001332,254,0.19075284742768828,0.11368169003984896,pooled+cityFE
extraversion_mean_z,overall,env_building_z,0.29860090882810286,0.15807174563556406,1.8890213910620697,0.05888896246564971,254,0.19075284742768828,0.11368169003984896,pooled+cityFE
extraversion_mean_z,overall,env_road_z,0.30917398158354636,0.1696328243123066,1.8226070504747014,0.06836292702983209,254,0.19075284742768828,0.11368169003984896,pooled+cityFE
extraversion_mean_z,overall,env_active_infra_z,-0.008349448068543142,0.09734020024356109,-0.0857759491726076,0.9316445257793042,254,0.19075284742768828,0.11368169003984896,pooled+cityFE
extraversion_mean_z,overall,env_active_presence_z,-0.12606323828385876,0.11880620965676955,-1.0610829067609742,0.2886522252657918,254,0.19075284742768828,0.11368169003984896,pooled+cityFE
extraversion_mean_z,overall,env_vehicle_presence_z,-0.14676211290010258,0.08300303143037618,-1.7681536489809795,0.07703522060343675,254,0.19075284742768828,0.11368169003984896,pooled+cityFE
extraversion_mean_z,overall,env_physical_boundaries_z,0.07602989041853554,0.13036804371930533,0.5831942265102563,0.5597625573522823,254,0.19075284742768828,0.11368169003984896,pooled+cityFE
extraversion_mean_z,overall,env_symbolic_us_flag_z,-0.051619964537342,0.07175525263202708,-0.7193893498230409,0.47190105705356766,254,0.19075284742768828,0.11368169003984896,pooled+cityFE
extraversion_mean_z,overall,env_surveillance_cctv_z,-0.19710444062922705,0.09687445674622959,-2.0346378937180307,0.04188732155519631,254,0.19075284742768828,0.11368169003984896,pooled+cityFE
extraversion_mean_z,overall,visual_complexity_mean_z,0.08676578339639082,0.18322023032454984,0.47356006071325735,0.6358136619705952,254,0.19075284742768828,0.11368169003984896,pooled+cityFE
extraversion_mean_z,overall,us_census_male_share_z,-0.03841892815449993,0.12236687603156791,-0.31396509742218726,0.753547547566999,254,0.19075284742768828,0.11368169003984896,pooled+cityFE
extraversion_mean_z,overall,us_census_age_15_29_share_z,0.11538285318204339,0.17436586656734088,0.6617284417732183,0.5081452735156016,254,0.19075284742768828,0.11368169003984896,pooled+cityFE
extraversion_mean_z,overall,us_census_age_30_44_share_z,-0.038541799415250266,0.12292142608659054,-0.313548261212817,0.7538641606199984,254,0.19075284742768828,0.11368169003984896,pooled+cityFE
extraversion_mean_z,overall,us_census_age_45_59_share_z,0.06333747723922246,0.11326972735922088,0.5591739180086089,0.5760430315532903,254,0.19075284742768828,0.11368169003984896,pooled+cityFE
extraversion_mean_z,overall,us_census_age_60_plus_share_z,-0.07281142749593368,0.14493990852356492,-0.502355964189778,0.6154171490782148,254,0.19075284742768828,0.11368169003984896,pooled+cityFE
extraversion_mean_z,overall,us_census_population_density_km2_z,-0.13957849511875228,0.104962751155215,-1.3297907455983962,0.1835872259160577,254,0.19075284742768828,0.11368169003984896,pooled+cityFE
extraversion_mean_z,overall,acs_median_income_z,0.3220922303446616,0.14894513496710893,2.1624890965105252,0.030580496632272764,254,0.19075284742768828,0.11368169003984896,pooled+cityFE
extraversion_mean_z,overall,acs_racial_diversity_z,-0.16163428040909122,0.08547054366723734,-1.8911109427170878,0.058609536085212195,254,0.19075284742768828,0.11368169003984896,pooled+cityFE
extraversion_mean_z,overall,city_austin_texas,-0.29369672241464706,0.20538386755990581,-1.4299892484446588,0.15272010489143353,254,0.19075284742768828,0.11368169003984896,pooled+cityFE
extraversion_mean_z,overall,city_dallas_texas,0.6117207574907287,0.30019626868532495,2.0377360457199867,0.04157633729453995,254,0.19075284742768828,0.11368169003984896,pooled+cityFE
extraversion_mean_z,overall,city_houston_texas,0.4777771614572094,0.2412632863561723,1.9803144053665762,0.047668211115080725,254,0.19075284742768828,0.11368169003984896,pooled+cityFE
extraversion_mean_z,austin_texas,const,-1.2879985856266427,0.741064128955145,-1.7380393076678018,0.08220388784709076,52,0.4737704889721944,0.16132171679943486,city_only
extraversion_mean_z,austin_texas,env_greenery_z,0.05286771935404147,0.40514292230316484,0.13049152889922885,0.8961775557979416,52,0.4737704889721944,0.16132171679943486,city_only
extraversion_mean_z,austin_texas,env_open_space_z,-0.6606624705734099,0.42406705828002145,-1.5579198093174191,0.1192522587177419,52,0.4737704889721944,0.16132171679943486,city_only
extraversion_mean_z,austin_texas,env_building_z,0.27659823651319626,0.6042150868916977,0.45778108245545185,0.6471097282300544,52,0.4737704889721944,0.16132171679943486,city_only
extraversion_mean_z,austin_texas,env_road_z,0.3384716522852158,0.28664070906049915,1.1808219892931435,0.23767344673691615,52,0.4737704889721944,0.16132171679943486,city_only
extraversion_mean_z,austin_texas,env_active_infra_z,-0.3058920013361305,0.5546940365208062,-0.5514607715178793,0.5813178510793058,52,0.4737704889721944,0.16132171679943486,city_only
extraversion_mean_z,austin_texas,env_active_presence_z,0.40605004622520197,0.4173131079779344,0.9730105248615196,0.33054807122021,52,0.4737704889721944,0.16132171679943486,city_only
extraversion_mean_z,austin_texas,env_vehicle_presence_z,-0.28617248872285794,0.25105231249483506,-1.1398918650818857,0.25433135459404654,52,0.4737704889721944,0.16132171679943486,city_only
extraversion_mean_z,austin_texas,env_physical_boundaries_z,0.2044612546480804,0.799544398833577,0.25572220247726163,0.7981653499637208,52,0.4737704889721944,0.16132171679943486,city_only
extraversion_mean_z,austin_texas,env_symbolic_us_flag_z,-0.24484614473524924,0.32524927384015145,-0.7527953616756804,0.45157289446279003,52,0.4737704889721944,0.16132171679943486,city_only
extraversion_mean_z,austin_texas,env_surveillance_cctv_z,-0.24377682675143908,0.8359747528750088,-0.2916078815933901,0.7705864485962268,52,0.4737704889721944,0.16132171679943486,city_only
extraversion_mean_z,austin_texas,visual_complexity_mean_z,-0.5395969701651444,0.7159460811698202,-0.7536838099364548,0.45103910574019035,52,0.4737704889721944,0.16132171679943486,city_only
extraversion_mean_z,austin_texas,us_census_male_share_z,0.0498807223333001,0.3552490355786269,0.14041057775724783,0.8883356008049934,52,0.4737704889721944,0.16132171679943486,city_only
extraversion_mean_z,austin_texas,us_census_age_15_29_share_z,-0.0277071514937123,0.48736000368485527,-0.056851508708598814,0.9546634822390082,52,0.4737704889721944,0.16132171679943486,city_only
extraversion_mean_z,austin_texas,us_census_age_30_44_share_z,0.03975152362428602,0.40977161066198475,0.09700897424315842,0.9227192676505293,52,0.4737704889721944,0.16132171679943486,city_only
extraversion_mean_z,austin_texas,us_census_age_45_59_share_z,-0.03391934034529037,0.2929454431035969,-0.11578722640616457,0.9078211742709217,52,0.4737704889721944,0.16132171679943486,city_only
extraversion_mean_z,austin_texas,us_census_age_60_plus_share_z,-0.4789067470405182,0.26441224205522657,-1.8112124586897576,0.07010797039431166,52,0.4737704889721944,0.16132171679943486,city_only
extraversion_mean_z,austin_texas,us_census_population_density_km2_z,-0.2383353218019177,0.36715485526092195,-0.6491411413653853,0.5162471516258804,52,0.4737704889721944,0.16132171679943486,city_only
extraversion_mean_z,austin_texas,acs_median_income_z,0.7353159827584047,0.2675770155805008,2.7480536067836674,0.0059950206524650735,52,0.4737704889721944,0.16132171679943486,city_only
extraversion_mean_z,austin_texas,acs_racial_diversity_z,-0.2175402395775607,0.21871226115516657,-0.9946412625820993,0.31991077142812585,52,0.4737704889721944,0.16132171679943486,city_only
extraversion_mean_z,dallas_texas,const,-89.24698626400831,81.96171010675437,-1.0888863366536026,0.27620401224483726,51,0.5722720771745333,0.31011625350731187,city_only
extraversion_mean_z,dallas_texas,env_greenery_z,-0.3754525674724289,0.5219223264456686,-0.7193648335170674,0.4719161585734536,51,0.5722720771745333,0.31011625350731187,city_only
extraversion_mean_z,dallas_texas,env_open_space_z,0.5820076841073848,0.519303919868762,1.1207457942055765,0.2623960833401443,51,0.5722720771745333,0.31011625350731187,city_only
extraversion_mean_z,dallas_texas,env_building_z,0.10233897229813443,0.3261407132150118,0.31378778592008033,0.7536822216312757,51,0.5722720771745333,0.31011625350731187,city_only
extraversion_mean_z,dallas_texas,env_road_z,0.5393828795323483,0.45990827349713204,1.172805341010487,0.24087387582682052,51,0.5722720771745333,0.31011625350731187,city_only
extraversion_mean_z,dallas_texas,env_active_infra_z,0.2281293758087699,0.2673037859000582,0.8534461082944214,0.3934119613142024,51,0.5722720771745333,0.31011625350731187,city_only
extraversion_mean_z,dallas_texas,env_active_presence_z,-0.43849810446738524,0.3579666024768677,-1.2249693167834605,0.22058678142926846,51,0.5722720771745333,0.31011625350731187,city_only
extraversion_mean_z,dallas_texas,env_vehicle_presence_z,-0.4953573117062603,0.3786410846385259,-1.3082502977170554,0.1907884271187268,51,0.5722720771745333,0.31011625350731187,city_only
extraversion_mean_z,dallas_texas,env_physical_boundaries_z,-0.21930786938320232,0.20070265958092715,-1.0927003650132159,0.27452537946909905,51,0.5722720771745333,0.31011625350731187,city_only
extraversion_mean_z,dallas_texas,env_symbolic_us_flag_z,0.23409904924273986,0.2125155882148723,1.1015617781696312,0.2706522327976718,51,0.5722720771745333,0.31011625350731187,city_only
extraversion_mean_z,dallas_texas,env_surveillance_cctv_z,-0.37749233428929035,0.38485170373226046,-0.9808773889485234,0.3266532090155486,51,0.5722720771745333,0.31011625350731187,city_only
extraversion_mean_z,dallas_texas,visual_complexity_mean_z,0.6554205100016892,0.3252152529580193,2.015343696337314,0.04386864945467154,51,0.5722720771745333,0.31011625350731187,city_only
extraversion_mean_z,dallas_texas,us_census_male_share_z,-0.06702973586204478,0.11848964181652112,-0.5657012278409872,0.571596900419731,51,0.5722720771745333,0.31011625350731187,city_only
extraversion_mean_z,dallas_texas,us_census_age_15_29_share_z,0.35441942252705555,0.3878786668458386,0.9137378588235652,0.36085460578258377,51,0.5722720771745333,0.31011625350731187,city_only
extraversion_mean_z,dallas_texas,us_census_age_30_44_share_z,0.05221937444852423,0.2828506938574077,0.18461815927115724,0.8535285417452416,51,0.5722720771745333,0.31011625350731187,city_only
extraversion_mean_z,dallas_texas,us_census_age_45_59_share_z,0.3287643137945794,0.1720677132370937,1.9106682340897505,0.056047229509504935,51,0.5722720771745333,0.31011625350731187,city_only
extraversion_mean_z,dallas_texas,us_census_age_60_plus_share_z,0.46624947965788976,0.2869907223435896,1.6246151647358444,0.10424458383832795,51,0.5722720771745333,0.31011625350731187,city_only
extraversion_mean_z,dallas_texas,us_census_population_density_km2_z,0.4612828185573591,0.22419439397326427,2.057512725373357,0.039636932124243976,51,0.5722720771745333,0.31011625350731187,city_only
extraversion_mean_z,dallas_texas,acs_median_income_z,738.5482559034621,672.9912344274204,1.0974114046698058,0.27246159018038696,51,0.5722720771745333,0.31011625350731187,city_only
extraversion_mean_z,dallas_texas,acs_racial_diversity_z,-0.33490421918420804,0.28322041346804255,-1.1824861601015821,0.23701285382549886,51,0.5722720771745333,0.31011625350731187,city_only
extraversion_mean_z,houston_texas,const,-41.72836749331887,60.363813205794,-0.6912811712384265,0.48938886198764653,94,0.3117802026697519,0.1350751195714449,city_only
extraversion_mean_z,houston_texas,env_greenery_z,-0.24351319102499777,0.3056918490965201,-0.7965969382065865,0.4256851561956154,94,0.3117802026697519,0.1350751195714449,city_only
extraversion_mean_z,houston_texas,env_open_space_z,-0.12365865430605405,0.3163247517478529,-0.3909231055198114,0.6958540745491135,94,0.3117802026697519,0.1350751195714449,city_only
extraversion_mean_z,houston_texas,env_building_z,0.03782593247411771,0.45646707201916553,0.08286672750960122,0.9339575106189446,94,0.3117802026697519,0.1350751195714449,city_only
extraversion_mean_z,houston_texas,env_road_z,0.361764761887473,0.4120633780920523,0.8779347574213622,0.37997912564909386,94,0.3117802026697519,0.1350751195714449,city_only
extraversion_mean_z,houston_texas,env_active_infra_z,0.15403468931755598,0.2725553222655073,0.5651501795569579,0.5719716200001452,94,0.3117802026697519,0.1350751195714449,city_only
extraversion_mean_z,houston_texas,env_active_presence_z,-0.43797044411434966,0.24139349605399527,-1.8143423550085367,0.06962503457038044,94,0.3117802026697519,0.1350751195714449,city_only
extraversion_mean_z,houston_texas,env_vehicle_presence_z,0.09903857031000209,0.1605075194762775,0.6170338351321893,0.5372124086175536,94,0.3117802026697519,0.1350751195714449,city_only
extraversion_mean_z,houston_texas,env_physical_boundaries_z,0.6955106166627121,0.44798405152442144,1.5525343241483607,0.12053442640372772,94,0.3117802026697519,0.1350751195714449,city_only
extraversion_mean_z,houston_texas,env_symbolic_us_flag_z,-0.14695455242076927,0.1429087982750758,-1.028310042450333,0.30380400863625545,94,0.3117802026697519,0.1350751195714449,city_only
extraversion_mean_z,houston_texas,env_surveillance_cctv_z,-0.10755730042490602,0.20222523046892074,-0.5318688482910945,0.5948168342823106,94,0.3117802026697519,0.1350751195714449,city_only
extraversion_mean_z,houston_texas,visual_complexity_mean_z,0.5197632451590037,0.33476700581850505,1.5526119244881467,0.12051587512352316,94,0.3117802026697519,0.1350751195714449,city_only
extraversion_mean_z,houston_texas,us_census_male_share_z,-0.3671239875310626,0.16765017025655618,-2.18982173993173,0.028537167431545774,94,0.3117802026697519,0.1350751195714449,city_only
extraversion_mean_z,houston_texas,us_census_age_15_29_share_z,-0.09458279785375491,0.30049228789419613,-0.31475948523197267,0.7529442753299018,94,0.3117802026697519,0.1350751195714449,city_only
extraversion_mean_z,houston_texas,us_census_age_30_44_share_z,0.41053568794714657,0.2898921932278199,1.4161667597047556,0.15672668561466963,94,0.3117802026697519,0.1350751195714449,city_only
extraversion_mean_z,houston_texas,us_census_age_45_59_share_z,-0.07120544386739897,0.25760224600110826,-0.2764162384946466,0.7822283858868979,94,0.3117802026697519,0.1350751195714449,city_only
extraversion_mean_z,houston_texas,us_census_age_60_plus_share_z,0.09245467068996945,0.3346175728579303,0.27629950782418483,0.7823180339082633,94,0.3117802026697519,0.1350751195714449,city_only
extraversion_mean_z,houston_texas,us_census_population_density_km2_z,-0.13360762289054282,0.1667419744112077,-0.8012836801431222,0.42296743654341973,94,0.3117802026697519,0.1350751195714449,city_only
extraversion_mean_z,houston_texas,acs_median_income_z,343.88785160297925,494.2349247085706,0.6957983631078992,0.4865551145043241,94,0.3117802026697519,0.1350751195714449,city_only
extraversion_mean_z,houston_texas,acs_racial_diversity_z,-0.18113280860750464,0.21177756512100593,-0.8552974367422186,0.3923865062211911,94,0.3117802026697519,0.1350751195714449,city_only
extraversion_mean_z,san_antonio_texas,const,-35.154302251912405,54.584611393569226,-0.6440332055941693,0.5195539018186235,57,0.45748412798767946,0.1788948964137851,city_only
extraversion_mean_z,san_antonio_texas,env_greenery_z,0.21113767739503497,0.43404327020054756,0.48644384532786294,0.6266525102802326,57,0.45748412798767946,0.1788948964137851,city_only
extraversion_mean_z,san_antonio_texas,env_open_space_z,-0.2993791785923574,0.3851265834767321,-0.7773526716585243,0.43695072737091756,57,0.45748412798767946,0.1788948964137851,city_only
extraversion_mean_z,san_antonio_texas,env_building_z,0.39798334488385256,0.3848057217524082,1.0342448731568579,0.30102170106173853,57,0.45748412798767946,0.1788948964137851,city_only
extraversion_mean_z,san_antonio_texas,env_road_z,-0.26324641874386356,0.2912937991922691,-0.9037144610486788,0.36614682906937457,57,0.45748412798767946,0.1788948964137851,city_only
extraversion_mean_z,san_antonio_texas,env_active_infra_z,0.1193470747422854,0.6067312311470232,0.19670501305274854,0.8440583868933293,57,0.45748412798767946,0.1788948964137851,city_only
extraversion_mean_z,san_antonio_texas,env_active_presence_z,-0.1716232180216713,0.19593195474728128,-0.8759327606517063,0.3810665884390301,57,0.45748412798767946,0.1788948964137851,city_only
extraversion_mean_z,san_antonio_texas,env_vehicle_presence_z,-0.22601522547820985,0.15806710619333997,-1.4298688128177601,0.15275467452054473,57,0.45748412798767946,0.1788948964137851,city_only
extraversion_mean_z,san_antonio_texas,env_physical_boundaries_z,-0.7745572455812856,0.34403267257214915,-2.2514060649831116,0.02435983035185847,57,0.45748412798767946,0.1788948964137851,city_only
extraversion_mean_z,san_antonio_texas,env_symbolic_us_flag_z,0.010569206543120682,0.17926006277073295,0.058960185440960766,0.9529838203294801,57,0.45748412798767946,0.1788948964137851,city_only
extraversion_mean_z,san_antonio_texas,env_surveillance_cctv_z,-0.06612882271469891,0.1465143185922918,-0.45134716763565513,0.6517393547366052,57,0.45748412798767946,0.1788948964137851,city_only
extraversion_mean_z,san_antonio_texas,visual_complexity_mean_z,-0.5859204201559933,0.4087817263402242,-1.4333332005852402,0.15176263826304262,57,0.45748412798767946,0.1788948964137851,city_only
extraversion_mean_z,san_antonio_texas,us_census_male_share_z,0.16141261221367031,0.23090443230881394,0.699045101039011,0.48452384561915707,57,0.45748412798767946,0.1788948964137851,city_only
extraversion_mean_z,san_antonio_texas,us_census_age_15_29_share_z,-0.1414851652656816,0.3865243137367906,-0.3660446710268995,0.7143317425817226,57,0.45748412798767946,0.1788948964137851,city_only
extraversion_mean_z,san_antonio_texas,us_census_age_30_44_share_z,-0.04497854318996716,0.21762457544594777,-0.206679521822381,0.8362601513119942,57,0.45748412798767946,0.1788948964137851,city_only
extraversion_mean_z,san_antonio_texas,us_census_age_45_59_share_z,0.24436058787757223,0.21215303198894034,1.1518128474841258,0.24939798735985652,57,0.45748412798767946,0.1788948964137851,city_only
extraversion_mean_z,san_antonio_texas,us_census_age_60_plus_share_z,-0.31598439999522493,0.22639766696627198,-1.395705195329152,0.16280328917960396,57,0.45748412798767946,0.1788948964137851,city_only
extraversion_mean_z,san_antonio_texas,us_census_population_density_km2_z,0.17688641803444885,0.2621264628381576,0.6748132795110513,0.499794402363126,57,0.45748412798767946,0.1788948964137851,city_only
extraversion_mean_z,san_antonio_texas,acs_median_income_z,288.2865614976302,447.6060619798768,0.6440631304734,0.5195344974186781,57,0.45748412798767946,0.1788948964137851,city_only
extraversion_mean_z,san_antonio_texas,acs_racial_diversity_z,0.15052594412305517,0.19047692632121704,0.790258153731496,0.42937701997079747,57,0.45748412798767946,0.1788948964137851,city_only
agreeableness_mean_z,overall,const,-0.09346963446958516,0.1759731289338286,-0.5311585640142403,0.5953089040458219,254,0.31989247394762077,0.2551203286092989,pooled+cityFE
agreeableness_mean_z,overall,env_greenery_z,-0.2139438028050544,0.18041025019367235,-1.1858738767635622,0.23567211097672958,254,0.31989247394762077,0.2551203286092989,pooled+cityFE
agreeableness_mean_z,overall,env_open_space_z,0.04633301046218408,0.19723815533792963,0.2349089626335299,0.8142793930259767,254,0.31989247394762077,0.2551203286092989,pooled+cityFE
agreeableness_mean_z,overall,env_building_z,-0.03071080875309581,0.14641356844537395,-0.20975384371260533,0.8338597989824356,254,0.31989247394762077,0.2551203286092989,pooled+cityFE
agreeableness_mean_z,overall,env_road_z,-0.005887027389928169,0.19806524297976646,-0.029722667649111783,0.9762882337367916,254,0.31989247394762077,0.2551203286092989,pooled+cityFE
agreeableness_mean_z,overall,env_active_infra_z,-0.03775298878315929,0.08136218811235998,-0.4640114733765882,0.6426395254912447,254,0.31989247394762077,0.2551203286092989,pooled+cityFE
agreeableness_mean_z,overall,env_active_presence_z,-0.13727800003734825,0.12197574371339114,-1.1254532733976448,0.260397007150573,254,0.31989247394762077,0.2551203286092989,pooled+cityFE
agreeableness_mean_z,overall,env_vehicle_presence_z,0.018011418922002274,0.0806787345884543,0.2232486542318654,0.8233419867257965,254,0.31989247394762077,0.2551203286092989,pooled+cityFE
agreeableness_mean_z,overall,env_physical_boundaries_z,-0.15225723835319546,0.1263106687880081,-1.2054186698095508,0.22804171768391734,254,0.31989247394762077,0.2551203286092989,pooled+cityFE
agreeableness_mean_z,overall,env_symbolic_us_flag_z,-0.17444411221660144,0.0777275016498279,-2.244303605723672,0.02481287372307734,254,0.31989247394762077,0.2551203286092989,pooled+cityFE
agreeableness_mean_z,overall,env_surveillance_cctv_z,-0.004280254329793537,0.10429734530313499,-0.041038957581836746,0.9672648383500889,254,0.31989247394762077,0.2551203286092989,pooled+cityFE
agreeableness_mean_z,overall,visual_complexity_mean_z,0.2704563826315108,0.16029077582639625,1.687286004058212,0.09154837089019674,254,0.31989247394762077,0.2551203286092989,pooled+cityFE
agreeableness_mean_z,overall,us_census_male_share_z,-0.09844708766611639,0.09337370203606932,-1.0543342024512135,0.29172993495141153,254,0.31989247394762077,0.2551203286092989,pooled+cityFE
agreeableness_mean_z,overall,us_census_age_15_29_share_z,0.005868557334711394,0.175593743350177,0.033421221182169635,0.973338687058055,254,0.31989247394762077,0.2551203286092989,pooled+cityFE
agreeableness_mean_z,overall,us_census_age_30_44_share_z,-0.2540003091535155,0.11897789985251964,-2.1348528547601227,0.03277303134073938,254,0.31989247394762077,0.2551203286092989,pooled+cityFE
agreeableness_mean_z,overall,us_census_age_45_59_share_z,-0.016008895234524895,0.12314163322837406,-0.130003921621174,0.8965633240193437,254,0.31989247394762077,0.2551203286092989,pooled+cityFE
agreeableness_mean_z,overall,us_census_age_60_plus_share_z,0.11817166519392917,0.13592567352811127,0.8693844372931481,0.38463689244248256,254,0.31989247394762077,0.2551203286092989,pooled+cityFE
agreeableness_mean_z,overall,us_census_population_density_km2_z,-0.07754234732643049,0.09107718900773373,-0.8513915303188162,0.3945518950562492,254,0.31989247394762077,0.2551203286092989,pooled+cityFE
agreeableness_mean_z,overall,acs_median_income_z,0.3444440045537362,0.12196267614708828,2.824175521848447,0.004740241800915613,254,0.31989247394762077,0.2551203286092989,pooled+cityFE
agreeableness_mean_z,overall,acs_racial_diversity_z,0.20864927595657518,0.08391525491627505,2.4864284350294983,0.012903251899348102,254,0.31989247394762077,0.2551203286092989,pooled+cityFE
agreeableness_mean_z,overall,city_austin_texas,-0.30963053455417067,0.20554083823390645,-1.5064185648684065,0.13195975786222666,254,0.31989247394762077,0.2551203286092989,pooled+cityFE
agreeableness_mean_z,overall,city_dallas_texas,0.6866745205799297,0.27670742439393486,2.4815905177966773,0.013079748520646414,254,0.31989247394762077,0.2551203286092989,pooled+cityFE
agreeableness_mean_z,overall,city_houston_texas,-0.021434565957039076,0.2928961312511855,-0.0731814581007796,0.9416617211120925,254,0.31989247394762077,0.2551203286092989,pooled+cityFE
agreeableness_mean_z,austin_texas,const,-0.6704671054379294,0.556818853116757,-1.2041027376947344,0.22854987192686604,52,0.37114606761111013,-0.0022359547447932115,city_only
agreeableness_mean_z,austin_texas,env_greenery_z,-0.25362814597030847,0.42470734124626036,-0.5971833338836634,0.5503849850090434,52,0.37114606761111013,-0.0022359547447932115,city_only
agreeableness_mean_z,austin_texas,env_open_space_z,-0.6635742792168813,0.7102834697248039,-0.9342386631551204,0.35018079603292707,52,0.37114606761111013,-0.0022359547447932115,city_only
agreeableness_mean_z,austin_texas,env_building_z,0.44290915855692947,0.6417502922293782,0.6901580940747313,0.49009477320765504,52,0.37114606761111013,-0.0022359547447932115,city_only
agreeableness_mean_z,austin_texas,env_road_z,-0.18395234058380988,0.4504931186660355,-0.4083355171517713,0.6830273672772904,52,0.37114606761111013,-0.0022359547447932115,city_only
agreeableness_mean_z,austin_texas,env_active_infra_z,0.21399566994019903,0.45326816130400344,0.47211714435127466,0.6368431758456723,52,0.37114606761111013,-0.0022359547447932115,city_only
agreeableness_mean_z,austin_texas,env_active_presence_z,-0.2318758606303623,0.38878091177908525,-0.5964178116906105,0.5508961443564508,52,0.37114606761111013,-0.0022359547447932115,city_only
agreeableness_mean_z,austin_texas,env_vehicle_presence_z,0.1853147628493478,0.1863655190390416,0.9943618530127686,0.3200467327801283,52,0.37114606761111013,-0.0022359547447932115,city_only
agreeableness_mean_z,austin_texas,env_physical_boundaries_z,0.22870408856626145,0.5254223977215784,0.43527662611644485,0.663361648839061,52,0.37114606761111013,-0.0022359547447932115,city_only
agreeableness_mean_z,austin_texas,env_symbolic_us_flag_z,-0.03294741651530615,0.2646351973310451,-0.12450126380615431,0.9009183997938697,52,0.37114606761111013,-0.0022359547447932115,city_only
agreeableness_mean_z,austin_texas,env_surveillance_cctv_z,-1.5231511525225367,0.8343398126113707,-1.825576497129245,0.06791407871327745,52,0.37114606761111013,-0.0022359547447932115,city_only
agreeableness_mean_z,austin_texas,visual_complexity_mean_z,-0.5060910426280572,0.6810514731728694,-0.7431024857347273,0.4574196348256949,52,0.37114606761111013,-0.0022359547447932115,city_only
agreeableness_mean_z,austin_texas,us_census_male_share_z,0.31272517939641353,0.21564433648038733,1.4501896247335744,0.14700564752060982,52,0.37114606761111013,-0.0022359547447932115,city_only
agreeableness_mean_z,austin_texas,us_census_age_15_29_share_z,-0.1978598647254535,0.3058269184203919,-0.6469668064126189,0.5176534266834116,52,0.37114606761111013,-0.0022359547447932115,city_only
agreeableness_mean_z,austin_texas,us_census_age_30_44_share_z,-0.3241217867378291,0.22415748126264182,-1.445955695576632,0.14818962876180075,52,0.37114606761111013,-0.0022359547447932115,city_only
agreeableness_mean_z,austin_texas,us_census_age_45_59_share_z,-0.1649918588691271,0.24069516219034787,-0.6854805778715541,0.4930407124403462,52,0.37114606761111013,-0.0022359547447932115,city_only
agreeableness_mean_z,austin_texas,us_census_age_60_plus_share_z,-0.16167340033768213,0.3207934820241437,-0.5039796922230302,0.6142756477002391,52,0.37114606761111013,-0.0022359547447932115,city_only
agreeableness_mean_z,austin_texas,us_census_population_density_km2_z,-0.09173985994217762,0.3448183620784748,-0.2660527107349903,0.7901986141093054,52,0.37114606761111013,-0.0022359547447932115,city_only
agreeableness_mean_z,austin_texas,acs_median_income_z,0.42212209369583875,0.2628082170320946,1.6061982325472284,0.10823036158552077,52,0.37114606761111013,-0.0022359547447932115,city_only
agreeableness_mean_z,austin_texas,acs_racial_diversity_z,-0.19339000040221835,0.158872758551657,-1.217263438774736,0.2235040001627353,52,0.37114606761111013,-0.0022359547447932115,city_only
agreeableness_mean_z,dallas_texas,const,3.332082645971793,75.17022300000556,0.044327161913189306,0.9646436208731242,51,0.6284994591994446,0.400805579353943,city_only
agreeableness_mean_z,dallas_texas,env_greenery_z,-0.6425661876886235,0.7298927041683259,-0.8803570497677377,0.3786659161051642,51,0.6284994591994446,0.400805579353943,city_only
agreeableness_mean_z,dallas_texas,env_open_space_z,-0.24030098082809895,0.5086625734701615,-0.4724172631548941,0.6366289846836208,51,0.6284994591994446,0.400805579353943,city_only
agreeableness_mean_z,dallas_texas,env_building_z,-0.3388205447357778,0.43316139723977237,-0.7822039242066321,0.4340947386506193,51,0.6284994591994446,0.400805579353943,city_only
agreeableness_mean_z,dallas_texas,env_road_z,-0.09764873172019889,0.448073353295045,-0.21793023620375762,0.827483468210876,51,0.6284994591994446,0.400805579353943,city_only
agreeableness_mean_z,dallas_texas,env_active_infra_z,-0.0905382644247558,0.25540901058812027,-0.35448343899957524,0.7229766130932678,51,0.6284994591994446,0.400805579353943,city_only
agreeableness_mean_z,dallas_texas,env_active_presence_z,0.023786750336769795,0.4393494155208923,0.054140848938124216,0.9568229472095995,51,0.6284994591994446,0.400805579353943,city_only
agreeableness_mean_z,dallas_texas,env_vehicle_presence_z,-0.6068014032321688,0.36727871767047016,-1.65215509104615,0.09850293871862323,51,0.6284994591994446,0.400805579353943,city_only
agreeableness_mean_z,dallas_texas,env_physical_boundaries_z,-0.31966305222149466,0.19955592935698893,-1.6018719827144003,0.1091839211735199,51,0.6284994591994446,0.400805579353943,city_only
agreeableness_mean_z,dallas_texas,env_symbolic_us_flag_z,0.23100907330371795,0.22243043425429193,1.0385677395190378,0.29900581590805564,51,0.6284994591994446,0.400805579353943,city_only
agreeableness_mean_z,dallas_texas,env_surveillance_cctv_z,0.08801006240233201,0.38300196933275726,0.22979010409700448,0.8182548747683023,51,0.6284994591994446,0.400805579353943,city_only
agreeableness_mean_z,dallas_texas,visual_complexity_mean_z,0.1770031951404627,0.29775364048999564,0.59446190094999,0.5522032172048096,51,0.6284994591994446,0.400805579353943,city_only
agreeableness_mean_z,dallas_texas,us_census_male_share_z,-0.0882962189488432,0.16112912360706952,-0.5479842313557349,0.5837027302827459,51,0.6284994591994446,0.400805579353943,city_only
agreeableness_mean_z,dallas_texas,us_census_age_15_29_share_z,0.4128710456645926,0.29647780300137117,1.3925867012131197,0.16374480681242554,51,0.6284994591994446,0.400805579353943,city_only
agreeableness_mean_z,dallas_texas,us_census_age_30_44_share_z,-0.1748945648627186,0.25857256931032824,-0.6763848359058431,0.4987963424680797,51,0.6284994591994446,0.400805579353943,city_only
agreeableness_mean_z,dallas_texas,us_census_age_45_59_share_z,0.27147295509689073,0.1740969696198886,1.5593203930522523,0.11892056737815947,51,0.6284994591994446,0.400805579353943,city_only
agreeableness_mean_z,dallas_texas,us_census_age_60_plus_share_z,0.11771369404678987,0.2467832379924528,0.4769922584871418,0.6333676342754149,51,0.6284994591994446,0.400805579353943,city_only
agreeableness_mean_z,dallas_texas,us_census_population_density_km2_z,-0.21636957344474317,0.19038046615815293,-1.1365114174318733,0.25574258992425325,51,0.6284994591994446,0.400805579353943,city_only
agreeableness_mean_z,dallas_texas,acs_median_income_z,-18.75446842228169,616.8672260945922,-0.030402763559051242,0.97574584087457,51,0.6284994591994446,0.400805579353943,city_only
agreeableness_mean_z,dallas_texas,acs_racial_diversity_z,0.37047265263528384,0.23756463812057682,1.5594604296589338,0.11888744320622664,51,0.6284994591994446,0.400805579353943,city_only
agreeableness_mean_z,houston_texas,const,60.37111411585544,47.061225873966436,1.2828206871944625,0.19955490471397508,94,0.4864766552305275,0.35462606670863595,city_only
agreeableness_mean_z,houston_texas,env_greenery_z,0.18678479243655455,0.37248566281034967,0.5014549849443619,0.6160509508809878,94,0.4864766552305275,0.35462606670863595,city_only
agreeableness_mean_z,houston_texas,env_open_space_z,-0.04007973903822981,0.3778885515363909,-0.10606232677670868,0.9155329013751478,94,0.4864766552305275,0.35462606670863595,city_only
agreeableness_mean_z,houston_texas,env_building_z,0.22940292243194305,0.3940503095536999,0.5821665834795665,0.560454479558412,94,0.4864766552305275,0.35462606670863595,city_only
agreeableness_mean_z,houston_texas,env_road_z,0.18167467680539268,0.4761974343765883,0.3815112465761838,0.702823927571017,94,0.4864766552305275,0.35462606670863595,city_only
agreeableness_mean_z,houston_texas,env_active_infra_z,-0.4559394616976108,0.23201313931480103,-1.9651450044774452,0.04939745703152903,94,0.4864766552305275,0.35462606670863595,city_only
agreeableness_mean_z,houston_texas,env_active_presence_z,-0.10781353615893827,0.24570409162043408,-0.43879422376689436,0.6608106460821384,94,0.4864766552305275,0.35462606670863595,city_only
agreeableness_mean_z,houston_texas,env_vehicle_presence_z,0.018092491005646028,0.1558005883750155,0.11612594788215432,0.9075527244949034,94,0.4864766552305275,0.35462606670863595,city_only
agreeableness_mean_z,houston_texas,env_physical_boundaries_z,0.4375471656586557,0.4268802841764183,1.0249879928346117,0.3053688532270483,94,0.4864766552305275,0.35462606670863595,city_only
agreeableness_mean_z,houston_texas,env_symbolic_us_flag_z,-0.23318429923455425,0.12298167121862631,-1.8960898556990586,0.05794816376347445,94,0.4864766552305275,0.35462606670863595,city_only
agreeableness_mean_z,houston_texas,env_surveillance_cctv_z,0.1773069260656444,0.15541895034235098,1.140832090778373,0.2539398035501884,94,0.4864766552305275,0.35462606670863595,city_only
agreeableness_mean_z,houston_texas,visual_complexity_mean_z,-0.08797859058364994,0.334157320336731,-0.2632849416406432,0.7923309652040915,94,0.4864766552305275,0.35462606670863595,city_only
agreeableness_mean_z,houston_texas,us_census_male_share_z,-0.2579468052628408,0.21054898892428897,-1.2251153832688104,0.2205317499063354,94,0.4864766552305275,0.35462606670863595,city_only
agreeableness_mean_z,houston_texas,us_census_age_15_29_share_z,-0.013442663428191148,0.26291535721898235,-0.05112924391478108,0.9592225331878971,94,0.4864766552305275,0.35462606670863595,city_only
agreeableness_mean_z,houston_texas,us_census_age_30_44_share_z,-0.641338374565151,0.20702699524095436,-3.097849021180599,0.0019493070923912962,94,0.4864766552305275,0.35462606670863595,city_only
agreeableness_mean_z,houston_texas,us_census_age_45_59_share_z,-0.22147015166412498,0.2784066193128921,-0.7954916884185929,0.42632754388258787,94,0.4864766552305275,0.35462606670863595,city_only
agreeableness_mean_z,houston_texas,us_census_age_60_plus_share_z,-0.24991374214176595,0.27269067986839696,-0.9164733545802762,0.3594186766134657,94,0.4864766552305275,0.35462606670863595,city_only
agreeableness_mean_z,houston_texas,us_census_population_density_km2_z,-0.17837377678350058,0.13919573968151758,-1.2814600302539652,0.20003213046612467,94,0.4864766552305275,0.35462606670863595,city_only
agreeableness_mean_z,houston_texas,acs_median_income_z,-494.6123401505095,385.66310577160914,-1.2824984623844742,0.19966784399377113,94,0.4864766552305275,0.35462606670863595,city_only
agreeableness_mean_z,houston_texas,acs_racial_diversity_z,0.13589252379608263,0.1472715333325573,0.9227344940397989,0.356145585289647,94,0.4864766552305275,0.35462606670863595,city_only
agreeableness_mean_z,san_antonio_texas,const,13.861210798971506,75.55663742187683,0.18345457489824846,0.8544413578094573,57,0.3440656884240161,0.007234555452564795,city_only
agreeableness_mean_z,san_antonio_texas,env_greenery_z,-0.42255947802440097,0.6289965652960745,-0.6717993409479085,0.5017114483694864,57,0.3440656884240161,0.007234555452564795,city_only
agreeableness_mean_z,san_antonio_texas,env_open_space_z,0.01672921948886651,0.4180043324086688,0.040021641384594346,0.9680758727835026,57,0.3440656884240161,0.007234555452564795,city_only
agreeableness_mean_z,san_antonio_texas,env_building_z,-0.25929884768918793,0.4728655499558549,-0.5483563937220531,0.5834472121120777,57,0.3440656884240161,0.007234555452564795,city_only
agreeableness_mean_z,san_antonio_texas,env_road_z,-0.07346553256285682,0.3390935554184698,-0.21665269477679752,0.8284790164124314,57,0.3440656884240161,0.007234555452564795,city_only
agreeableness_mean_z,san_antonio_texas,env_active_infra_z,2.4686199815075676,1.2216084535335057,2.0207947762370813,0.04330101380839454,57,0.3440656884240161,0.007234555452564795,city_only
agreeableness_mean_z,san_antonio_texas,env_active_presence_z,-0.13066489987761584,0.23200119535550157,-0.5632078734654559,0.573293342126278,57,0.3440656884240161,0.007234555452564795,city_only
agreeableness_mean_z,san_antonio_texas,env_vehicle_presence_z,-0.1047417632370126,0.16562102197885772,-0.6324182883642837,0.5271135866769572,57,0.3440656884240161,0.007234555452564795,city_only
agreeableness_mean_z,san_antonio_texas,env_physical_boundaries_z,-0.32878028720548563,0.4155900546677994,-0.7911168313887952,0.42887581813865927,57,0.3440656884240161,0.007234555452564795,city_only
agreeableness_mean_z,san_antonio_texas,env_symbolic_us_flag_z,-0.14827959272946425,0.2090128004372509,-0.7094282858239596,0.47805873984616143,57,0.3440656884240161,0.007234555452564795,city_only
agreeableness_mean_z,san_antonio_texas,env_surveillance_cctv_z,-0.22917119621026488,0.20597448989799994,-1.112619316711269,0.26587196068070795,57,0.3440656884240161,0.007234555452564795,city_only
agreeableness_mean_z,san_antonio_texas,visual_complexity_mean_z,0.11611105210428932,0.5808663944399676,0.199892872467232,0.8415643648972104,57,0.3440656884240161,0.007234555452564795,city_only
agreeableness_mean_z,san_antonio_texas,us_census_male_share_z,-0.20751032238588157,0.23402556922876494,-0.8866993596884956,0.3752407831900275,57,0.3440656884240161,0.007234555452564795,city_only
agreeableness_mean_z,san_antonio_texas,us_census_age_15_29_share_z,-0.09113990865631759,0.4637471084969388,-0.1965293302889008,0.8441958780198326,57,0.3440656884240161,0.007234555452564795,city_only
agreeableness_mean_z,san_antonio_texas,us_census_age_30_44_share_z,0.038976605101347685,0.29119731406743005,0.13384946638732462,0.8935216105732067,57,0.3440656884240161,0.007234555452564795,city_only
agreeableness_mean_z,san_antonio_texas,us_census_age_45_59_share_z,0.24471755262108794,0.2960515020162417,0.8266046649128721,0.4084611724494924,57,0.3440656884240161,0.007234555452564795,city_only
agreeableness_mean_z,san_antonio_texas,us_census_age_60_plus_share_z,-0.05390251863429855,0.3540738659229866,-0.15223523626570817,0.8790014033210164,57,0.3440656884240161,0.007234555452564795,city_only
agreeableness_mean_z,san_antonio_texas,us_census_population_density_km2_z,-0.05400441642161303,0.30186380458464357,-0.17890325239861615,0.8580136689448565,57,0.3440656884240161,0.007234555452564795,city_only
agreeableness_mean_z,san_antonio_texas,acs_median_income_z,-107.32313144196222,620.2310038506151,-0.17303735346292262,0.8626220666438489,57,0.3440656884240161,0.007234555452564795,city_only
agreeableness_mean_z,san_antonio_texas,acs_racial_diversity_z,0.30026063442551854,0.20099216274348608,1.4938922509566839,0.1352037841615156,57,0.3440656884240161,0.007234555452564795,city_only
conscientiousness_mean_z,overall,const,-0.2066344147751926,0.20560169521760865,-1.0050229136315774,0.3148858165754461,254,0.19189213630708224,0.11492948262204239,pooled+cityFE
conscientiousness_mean_z,overall,env_greenery_z,-0.3351765793036312,0.17635171141272582,-1.9006142703044067,0.057352554967242765,254,0.19189213630708224,0.11492948262204239,pooled+cityFE
conscientiousness_mean_z,overall,env_open_space_z,-0.38567478159696766,0.1624262507017166,-2.374460901059829,0.017574597418659334,254,0.19189213630708224,0.11492948262204239,pooled+cityFE
conscientiousness_mean_z,overall,env_building_z,-0.24147548951418843,0.173886913281893,-1.3886927138831067,0.1649262107306696,254,0.19189213630708224,0.11492948262204239,pooled+cityFE
conscientiousness_mean_z,overall,env_road_z,-0.10462675947649,0.16973563893655003,-0.6164100841285383,0.5376238995175671,254,0.19189213630708224,0.11492948262204239,pooled+cityFE
conscientiousness_mean_z,overall,env_active_infra_z,0.09982872125768621,0.0712126607550588,1.4018395071777259,0.1609631779777424,254,0.19189213630708224,0.11492948262204239,pooled+cityFE
conscientiousness_mean_z,overall,env_active_presence_z,-0.04489724313503378,0.12851235849487738,-0.3493612883684134,0.72681809194668,254,0.19189213630708224,0.11492948262204239,pooled+cityFE
conscientiousness_mean_z,overall,env_vehicle_presence_z,-0.08730024733188146,0.07066628844074159,-1.2353874705771277,0.21668633361686263,254,0.19189213630708224,0.11492948262204239,pooled+cityFE
conscientiousness_mean_z,overall,env_physical_boundaries_z,-0.12583303431032616,0.12227840460129932,-1.029069971272663,0.3034467957737127,254,0.19189213630708224,0.11492948262204239,pooled+cityFE
conscientiousness_mean_z,overall,env_symbolic_us_flag_z,-0.1186733599595718,0.06227312222025103,-1.905691504271157,0.05669024219832017,254,0.19189213630708224,0.11492948262204239,pooled+cityFE
conscientiousness_mean_z,overall,env_surveillance_cctv_z,-0.03673678226741289,0.09330619915364603,-0.39372284586278067,0.693785672420565,254,0.19189213630708224,0.11492948262204239,pooled+cityFE
conscientiousness_mean_z,overall,visual_complexity_mean_z,0.06737067369198242,0.16782026838424183,0.4014453935786249,0.6880922342490675,254,0.19189213630708224,0.11492948262204239,pooled+cityFE
conscientiousness_mean_z,overall,us_census_male_share_z,0.0971754934274942,0.11177296638113698,0.869400684027061,0.38462800909163364,254,0.19189213630708224,0.11492948262204239,pooled+cityFE
conscientiousness_mean_z,overall,us_census_age_15_29_share_z,0.07541687727787019,0.1607547294709867,0.4691425099967685,0.6389677752491907,254,0.19189213630708224,0.11492948262204239,pooled+cityFE
conscientiousness_mean_z,overall,us_census_age_30_44_share_z,-0.08451204716043777,0.11143067803931919,-0.7584271104463443,0.44819533322867045,254,0.19189213630708224,0.11492948262204239,pooled+cityFE
conscientiousness_mean_z,overall,us_census_age_45_59_share_z,-0.10519274375569063,0.12057490592914022,-0.8724265048774791,0.382975746327066,254,0.19189213630708224,0.11492948262204239,pooled+cityFE
conscientiousness_mean_z,overall,us_census_age_60_plus_share_z,-0.043696158515752405,0.13405167848221403,-0.32596502341856176,0.7444508183286768,254,0.19189213630708224,0.11492948262204239,pooled+cityFE
conscientiousness_mean_z,overall,us_census_population_density_km2_z,-0.16622545746123332,0.10008308181267392,-1.6608746898137936,0.09673861649867772,254,0.19189213630708224,0.11492948262204239,pooled+cityFE
conscientiousness_mean_z,overall,acs_median_income_z,0.09502002121256523,0.13274044937639273,0.7158332042641411,0.47409434698735664,254,0.19189213630708224,0.11492948262204239,pooled+cityFE
conscientiousness_mean_z,overall,acs_racial_diversity_z,0.017888187110298232,0.1048073975322738,0.17067676071996582,0.8644779369388533,254,0.19189213630708224,0.11492948262204239,pooled+cityFE
conscientiousness_mean_z,overall,city_austin_texas,-0.526771138868127,0.22703420163965476,-2.3202281200971213,0.020328540172295316,254,0.19189213630708224,0.11492948262204239,pooled+cityFE
conscientiousness_mean_z,overall,city_dallas_texas,0.7034940126838191,0.3490439337811339,2.015488437409547,0.0438534963699058,254,0.19189213630708224,0.11492948262204239,pooled+cityFE
conscientiousness_mean_z,overall,city_houston_texas,0.4460371517375841,0.33944051177379597,1.3140362928595406,0.1888339911455179,254,0.19189213630708224,0.11492948262204239,pooled+cityFE
conscientiousness_mean_z,austin_texas,const,-2.2731938863700427,0.7126620796403443,-3.189721961237568,0.0014240973235811131,52,0.5109666037515066,0.22060302472896365,city_only
conscientiousness_mean_z,austin_texas,env_greenery_z,-0.767628494182789,0.4406030228012709,-1.7422224870414003,0.08146952062345482,52,0.5109666037515066,0.22060302472896365,city_only
conscientiousness_mean_z,austin_texas,env_open_space_z,-0.5209500975075075,0.4105020162058075,-1.2690561238226081,0.2044210476366689,52,0.5109666037515066,0.22060302472896365,city_only
conscientiousness_mean_z,austin_texas,env_building_z,0.06410109972657738,0.4602328362753097,0.13927971816472548,0.8892291162194985,52,0.5109666037515066,0.22060302472896365,city_only
conscientiousness_mean_z,austin_texas,env_road_z,0.10267763727957034,0.2642840672161731,0.38851240016517685,0.6976368793616249,52,0.5109666037515066,0.22060302472896365,city_only
conscientiousness_mean_z,austin_texas,env_active_infra_z,0.1548172584758503,0.45858448803808577,0.33759811444601806,0.735666063297405,52,0.5109666037515066,0.22060302472896365,city_only
conscientiousness_mean_z,austin_texas,env_active_presence_z,0.005938671600110634,0.3510198868652522,0.016918333753524178,0.9865017666398854,52,0.5109666037515066,0.22060302472896365,city_only
conscientiousness_mean_z,austin_texas,env_vehicle_presence_z,0.1622309108272797,0.16951974038346404,0.9570030632438643,0.33856570887319226,52,0.5109666037515066,0.22060302472896365,city_only
conscientiousness_mean_z,austin_texas,env_physical_boundaries_z,-1.7827592053428842,0.749183686994388,-2.3796022741699643,0.017331332840571124,52,0.5109666037515066,0.22060302472896365,city_only
conscientiousness_mean_z,austin_texas,env_symbolic_us_flag_z,-0.4007404093148025,0.23887397184797293,-1.67762274899438,0.09342076888590148,52,0.5109666037515066,0.22060302472896365,city_only
conscientiousness_mean_z,austin_texas,env_surveillance_cctv_z,-0.3504305770488249,0.6678550853016533,-0.524710501965474,0.5997844555726373,52,0.5109666037515066,0.22060302472896365,city_only
conscientiousness_mean_z,austin_texas,visual_complexity_mean_z,0.19195292282364262,0.5775858862610925,0.33233658818469125,0.7396351150323899,52,0.5109666037515066,0.22060302472896365,city_only
conscientiousness_mean_z,austin_texas,us_census_male_share_z,0.6164851866744461,0.26782115155630803,2.301853991337324,0.021343407566746953,52,0.5109666037515066,0.22060302472896365,city_only
conscientiousness_mean_z,austin_texas,us_census_age_15_29_share_z,-0.6442561154273069,0.3557504883644349,-1.8109774589186887,0.07014434099291837,52,0.5109666037515066,0.22060302472896365,city_only
conscientiousness_mean_z,austin_texas,us_census_age_30_44_share_z,-0.5147509860209598,0.2645930449940015,-1.9454441292386562,0.0517215479120197,52,0.5109666037515066,0.22060302472896365,city_only
conscientiousness_mean_z,austin_texas,us_census_age_45_59_share_z,-0.30940698409460354,0.28343647066853167,-1.0916272819966186,0.27499695951498315,52,0.5109666037515066,0.22060302472896365,city_only
conscientiousness_mean_z,austin_texas,us_census_age_60_plus_share_z,-0.1708671528497008,0.2097809221030206,-0.8145028210229253,0.4153569567905725,52,0.5109666037515066,0.22060302472896365,city_only
conscientiousness_mean_z,austin_texas,us_census_population_density_km2_z,-0.07398278748382854,0.3269979842866175,-0.226248451179998,0.8210081888322704,52,0.5109666037515066,0.22060302472896365,city_only
conscientiousness_mean_z,austin_texas,acs_median_income_z,0.2617665897605309,0.27525286335106625,0.9510040570465038,0.3416023163719887,52,0.5109666037515066,0.22060302472896365,city_only
conscientiousness_mean_z,austin_texas,acs_racial_diversity_z,-0.38275959041007457,0.223760103572079,-1.7105801449845042,0.08715864684461705,52,0.5109666037515066,0.22060302472896365,city_only
conscientiousness_mean_z,dallas_texas,const,-40.01235214546523,92.68943061296059,-0.43168192835861885,0.6659726036514275,51,0.5558999119209891,0.28370953535643406,city_only
conscientiousness_mean_z,dallas_texas,env_greenery_z,-0.21690199801673743,0.8121241989991225,-0.26707983616797976,0.7894076922661405,51,0.5558999119209891,0.28370953535643406,city_only
conscientiousness_mean_z,dallas_texas,env_open_space_z,0.1950259423452284,0.6220837283862817,0.3135043297967881,0.7538975316770685,51,0.5558999119209891,0.28370953535643406,city_only
conscientiousness_mean_z,dallas_texas,env_building_z,-0.03308470522561488,0.5130358388742318,-0.06448809755321096,0.9485815841614564,51,0.5558999119209891,0.28370953535643406,city_only
conscientiousness_mean_z,dallas_texas,env_road_z,0.20542549859941842,0.6201732235112518,0.3312389036023761,0.740464036453985,51,0.5558999119209891,0.28370953535643406,city_only
conscientiousness_mean_z,dallas_texas,env_active_infra_z,-0.03761495579714381,0.3244677080134827,-0.1159281952199101,0.9077094497922353,51,0.5558999119209891,0.28370953535643406,city_only
conscientiousness_mean_z,dallas_texas,env_active_presence_z,-0.23609216846625275,0.5310733947294312,-0.44455657317673747,0.6566402365917889,51,0.5558999119209891,0.28370953535643406,city_only
conscientiousness_mean_z,dallas_texas,env_vehicle_presence_z,-1.1789977130244529,0.46759147353710234,-2.521426885965024,0.011687996208270532,51,0.5558999119209891,0.28370953535643406,city_only
conscientiousness_mean_z,dallas_texas,env_physical_boundaries_z,-0.2634691877540907,0.258413343027602,-1.0195649522863401,0.30793483395161514,51,0.5558999119209891,0.28370953535643406,city_only
conscientiousness_mean_z,dallas_texas,env_symbolic_us_flag_z,0.5667037133642965,0.29802307161566516,1.9015430929291466,0.05723091367896376,51,0.5558999119209891,0.28370953535643406,city_only
conscientiousness_mean_z,dallas_texas,env_surveillance_cctv_z,0.22677089123935398,0.4730027607771193,0.47942826140545364,0.6316339921364861,51,0.5558999119209891,0.28370953535643406,city_only
conscientiousness_mean_z,dallas_texas,visual_complexity_mean_z,-0.5618692120715894,0.34693770192074536,-1.6195103874872125,0.10533749334281396,51,0.5558999119209891,0.28370953535643406,city_only
conscientiousness_mean_z,dallas_texas,us_census_male_share_z,0.06228075075691007,0.19136102772590197,0.3254620415506891,0.744831406588083,51,0.5558999119209891,0.28370953535643406,city_only
conscientiousness_mean_z,dallas_texas,us_census_age_15_29_share_z,1.3391225882917905,0.3733995660133695,3.5862992627148462,0.0003354040309195666,51,0.5558999119209891,0.28370953535643406,city_only
conscientiousness_mean_z,dallas_texas,us_census_age_30_44_share_z,0.14129958252471625,0.28898815844550346,0.48894592527521197,0.6248799807085537,51,0.5558999119209891,0.28370953535643406,city_only
conscientiousness_mean_z,dallas_texas,us_census_age_45_59_share_z,0.13475004494321177,0.2267577757973648,0.5942466337455482,0.5523471663698047,51,0.5558999119209891,0.28370953535643406,city_only
conscientiousness_mean_z,dallas_texas,us_census_age_60_plus_share_z,0.7519642659072279,0.3081523162259932,2.4402356442317026,0.014677684144982984,51,0.5558999119209891,0.28370953535643406,city_only
conscientiousness_mean_z,dallas_texas,us_census_population_density_km2_z,0.13758549881659937,0.23459394198147993,0.5864835965263804,0.557550581567284,51,0.5558999119209891,0.28370953535643406,city_only
conscientiousness_mean_z,dallas_texas,acs_median_income_z,337.1346894467671,761.0758895275013,0.4429711860351671,0.6577865762997954,51,0.5558999119209891,0.28370953535643406,city_only
conscientiousness_mean_z,dallas_texas,acs_racial_diversity_z,-0.12261480107292015,0.31887388941984607,-0.38452443157388494,0.7005897914057385,51,0.5558999119209891,0.28370953535643406,city_only
conscientiousness_mean_z,houston_texas,const,54.30850800757543,42.09471273000783,1.2901503415857931,0.19699846388691844,94,0.32480670589299765,0.15144626551417273,city_only
conscientiousness_mean_z,houston_texas,env_greenery_z,-0.4603087255716144,0.2982347648866695,-1.5434442250437628,0.12272303033917008,94,0.32480670589299765,0.15144626551417273,city_only
conscientiousness_mean_z,houston_texas,env_open_space_z,-0.6598565872886354,0.3040662567601832,-2.1701079045053784,0.02999867252115534,94,0.32480670589299765,0.15144626551417273,city_only
conscientiousness_mean_z,houston_texas,env_building_z,-0.35521998588538994,0.44084435104693803,-0.8057718898785857,0.4203743891108622,94,0.32480670589299765,0.15144626551417273,city_only
conscientiousness_mean_z,houston_texas,env_road_z,-0.4630791113820415,0.4015308410781858,-1.15328404198937,0.24879381793904254,94,0.32480670589299765,0.15144626551417273,city_only
conscientiousness_mean_z,houston_texas,env_active_infra_z,0.04882603134830024,0.23728304268014674,0.205771262863132,0.8369695897279189,94,0.32480670589299765,0.15144626551417273,city_only
conscientiousness_mean_z,houston_texas,env_active_presence_z,-0.05871559114528762,0.2870453110225438,-0.20455164704180184,0.8379224365556003,94,0.32480670589299765,0.15144626551417273,city_only
conscientiousness_mean_z,houston_texas,env_vehicle_presence_z,0.07997040366227168,0.169722122457283,0.4711843247329131,0.6375091116383709,94,0.32480670589299765,0.15144626551417273,city_only
conscientiousness_mean_z,houston_texas,env_physical_boundaries_z,0.014343672137164726,0.3294993013866582,0.04353172245525591,0.9652776776236497,94,0.32480670589299765,0.15144626551417273,city_only
conscientiousness_mean_z,houston_texas,env_symbolic_us_flag_z,-0.13074802672333205,0.0948002362574189,-1.3791951569435033,0.16783459089188857,94,0.32480670589299765,0.15144626551417273,city_only
conscientiousness_mean_z,houston_texas,env_surveillance_cctv_z,0.18531497355918608,0.15905861518729295,1.1650734752152596,0.24398925258406778,94,0.32480670589299765,0.15144626551417273,city_only
conscientiousness_mean_z,houston_texas,visual_complexity_mean_z,0.1998056446831769,0.30820574413846713,0.6482865698746046,0.5167996187674911,94,0.32480670589299765,0.15144626551417273,city_only
conscientiousness_mean_z,houston_texas,us_census_male_share_z,-0.07539801986657026,0.199886165225821,-0.37720479444582616,0.7060214175660865,94,0.32480670589299765,0.15144626551417273,city_only
conscientiousness_mean_z,houston_texas,us_census_age_15_29_share_z,-0.12618641906242598,0.2470357343386596,-0.5108022910136469,0.6094895047780104,94,0.32480670589299765,0.15144626551417273,city_only
conscientiousness_mean_z,houston_texas,us_census_age_30_44_share_z,-0.13974240109932032,0.24121010117716513,-0.5793389265928033,0.5623605046293334,94,0.32480670589299765,0.15144626551417273,city_only
conscientiousness_mean_z,houston_texas,us_census_age_45_59_share_z,-0.4435101507224999,0.2411562981740477,-1.8390983527305973,0.065900721271728,94,0.32480670589299765,0.15144626551417273,city_only
conscientiousness_mean_z,houston_texas,us_census_age_60_plus_share_z,-0.1628711063870002,0.2879083522832342,-0.5657046942034293,0.5715945436203976,94,0.32480670589299765,0.15144626551417273,city_only
conscientiousness_mean_z,houston_texas,us_census_population_density_km2_z,-0.4463706409617099,0.12870329646045897,-3.468214515382259,0.0005239288787596204,94,0.32480670589299765,0.15144626551417273,city_only
conscientiousness_mean_z,houston_texas,acs_median_income_z,-444.2731860989569,344.8492050052334,-1.2883114696239901,0.19763756212196237,94,0.32480670589299765,0.15144626551417273,city_only
conscientiousness_mean_z,houston_texas,acs_racial_diversity_z,0.015676137582733382,0.1775783350171182,0.08827730917300375,0.9296562731929867,94,0.32480670589299765,0.15144626551417273,city_only
conscientiousness_mean_z,san_antonio_texas,const,28.73276635197174,73.9297374787187,0.3886496467033,0.6975353355956184,57,0.6067333353471005,0.4047855886334494,city_only
conscientiousness_mean_z,san_antonio_texas,env_greenery_z,-0.8315134064446593,0.4318193153907266,-1.925604938936727,0.054153721558733964,57,0.6067333353471005,0.4047855886334494,city_only
conscientiousness_mean_z,san_antonio_texas,env_open_space_z,-0.9624918871813157,0.40013378044397735,-2.4054252208183007,0.016153657574907342,57,0.6067333353471005,0.4047855886334494,city_only
conscientiousness_mean_z,san_antonio_texas,env_building_z,-0.27654996823848,0.3832614352459563,-0.7215700375932822,0.47055886602375185,57,0.6067333353471005,0.4047855886334494,city_only
conscientiousness_mean_z,san_antonio_texas,env_road_z,-0.4147372977504741,0.37366037442068484,-1.1099311731769097,0.26702868621999254,57,0.6067333353471005,0.4047855886334494,city_only
conscientiousness_mean_z,san_antonio_texas,env_active_infra_z,0.13220017130025358,0.8928927037268017,0.14805829496474734,0.8822967624155915,57,0.6067333353471005,0.4047855886334494,city_only
conscientiousness_mean_z,san_antonio_texas,env_active_presence_z,-0.31982219779049603,0.17346322987393223,-1.8437463549072217,0.06522011401534943,57,0.6067333353471005,0.4047855886334494,city_only
conscientiousness_mean_z,san_antonio_texas,env_vehicle_presence_z,-0.25469530717679767,0.15234090192883207,-1.6718773747038844,0.09454850513569674,57,0.6067333353471005,0.4047855886334494,city_only
conscientiousness_mean_z,san_antonio_texas,env_physical_boundaries_z,-0.7516613997912382,0.31721024374720225,-2.3696000195702,0.017807337901851045,57,0.6067333353471005,0.4047855886334494,city_only
conscientiousness_mean_z,san_antonio_texas,env_symbolic_us_flag_z,-0.16314016345133223,0.1837265117269617,-0.8879511286524445,0.37456704028604537,57,0.6067333353471005,0.4047855886334494,city_only
conscientiousness_mean_z,san_antonio_texas,env_surveillance_cctv_z,-0.2654729381621257,0.18191595867746524,-1.459316379344189,0.14447804927874797,57,0.6067333353471005,0.4047855886334494,city_only
conscientiousness_mean_z,san_antonio_texas,visual_complexity_mean_z,0.2010686977386066,0.39987253939971146,0.5028319725091672,0.6150824125887854,57,0.6067333353471005,0.4047855886334494,city_only
conscientiousness_mean_z,san_antonio_texas,us_census_male_share_z,0.2052661459986489,0.2278156009204891,0.9010188291287817,0.3675783084845261,57,0.6067333353471005,0.4047855886334494,city_only
conscientiousness_mean_z,san_antonio_texas,us_census_age_15_29_share_z,-0.35680392631378943,0.27928312899099006,-1.277570641674171,0.20140085768311422,57,0.6067333353471005,0.4047855886334494,city_only
conscientiousness_mean_z,san_antonio_texas,us_census_age_30_44_share_z,-0.10173728608911625,0.23140661356046816,-0.4396472707662333,0.6601925982607715,57,0.6067333353471005,0.4047855886334494,city_only
conscientiousness_mean_z,san_antonio_texas,us_census_age_45_59_share_z,0.17139782354445324,0.2140214782025161,0.800844032028736,0.4232219443884101,57,0.6067333353471005,0.4047855886334494,city_only
conscientiousness_mean_z,san_antonio_texas,us_census_age_60_plus_share_z,-0.3641078761288746,0.3057477347035707,-1.1908767745471127,0.23370196346062622,57,0.6067333353471005,0.4047855886334494,city_only
conscientiousness_mean_z,san_antonio_texas,us_census_population_density_km2_z,-0.08946789795453723,0.22997269833184233,-0.3890370404987738,0.6972487461168686,57,0.6067333353471005,0.4047855886334494,city_only
conscientiousness_mean_z,san_antonio_texas,acs_median_income_z,-237.05368412532405,607.0508078691232,-0.3905005661015964,0.6961664367802876,57,0.6067333353471005,0.4047855886334494,city_only
conscientiousness_mean_z,san_antonio_texas,acs_racial_diversity_z,0.6308233498886343,0.18839029948584632,3.348491677173791,0.0008125272122785983,57,0.6067333353471005,0.4047855886334494,city_only
neuroticism_mean_z,overall,const,0.0023329000900682243,0.20010649065050065,0.011658292954338949,0.9906982387562718,254,0.19998407619750636,0.12379208345441162,pooled+cityFE
neuroticism_mean_z,overall,env_greenery_z,0.07517310836184757,0.15488074355996367,0.4853612310606162,0.6274201281045474,254,0.19998407619750636,0.12379208345441162,pooled+cityFE
neuroticism_mean_z,overall,env_open_space_z,0.21985997612914018,0.16903065738983017,1.3007106493237137,0.19335751571746418,254,0.19998407619750636,0.12379208345441162,pooled+cityFE
neuroticism_mean_z,overall,env_building_z,-0.05109874307892316,0.15804021741866114,-0.3233274663471167,0.7464472550114698,254,0.19998407619750636,0.12379208345441162,pooled+cityFE
neuroticism_mean_z,overall,env_road_z,-0.09092286413275572,0.17799130038923885,-0.5108275737854703,0.6094717994447574,254,0.19998407619750636,0.12379208345441162,pooled+cityFE
neuroticism_mean_z,overall,env_active_infra_z,-0.050337865397329706,0.10461750844866989,-0.48116100396357414,0.6304020738574125,254,0.19998407619750636,0.12379208345441162,pooled+cityFE
neuroticism_mean_z,overall,env_active_presence_z,-0.08737518206947326,0.11219014419623433,-0.7788133502765033,0.436089672320762,254,0.19998407619750636,0.12379208345441162,pooled+cityFE
neuroticism_mean_z,overall,env_vehicle_presence_z,0.04080797611922702,0.0901367802590057,0.45273390065594044,0.6507403653286384,254,0.19998407619750636,0.12379208345441162,pooled+cityFE
neuroticism_mean_z,overall,env_physical_boundaries_z,-0.21564919926391157,0.12399065294149864,-1.7392375485405287,0.08199298727557462,254,0.19998407619750636,0.12379208345441162,pooled+cityFE
neuroticism_mean_z,overall,env_symbolic_us_flag_z,0.0983402768734647,0.07017676843615858,1.4013223900859313,0.16111768868743648,254,0.19998407619750636,0.12379208345441162,pooled+cityFE
neuroticism_mean_z,overall,env_surveillance_cctv_z,0.048248989811590044,0.11668213310399136,0.41350795128667034,0.6792344980608938,254,0.19998407619750636,0.12379208345441162,pooled+cityFE
neuroticism_mean_z,overall,visual_complexity_mean_z,-0.027857926348877335,0.1625668795721492,-0.17136286568454212,0.863938451731217,254,0.19998407619750636,0.12379208345441162,pooled+cityFE
neuroticism_mean_z,overall,us_census_male_share_z,-0.02386852707118944,0.11098657995635214,-0.2150577761795728,0.8297222733560776,254,0.19998407619750636,0.12379208345441162,pooled+cityFE
neuroticism_mean_z,overall,us_census_age_15_29_share_z,-0.1964394799043671,0.14287604120767622,-1.3748944766662048,0.16916416189815786,254,0.19998407619750636,0.12379208345441162,pooled+cityFE
neuroticism_mean_z,overall,us_census_age_30_44_share_z,-0.009225389312136633,0.10803469678170172,-0.08539283755086334,0.9319490871718539,254,0.19998407619750636,0.12379208345441162,pooled+cityFE
neuroticism_mean_z,overall,us_census_age_45_59_share_z,-0.10863948895814106,0.11042864100983854,-0.9837981158208939,0.3252147859513512,254,0.19998407619750636,0.12379208345441162,pooled+cityFE
neuroticism_mean_z,overall,us_census_age_60_plus_share_z,0.030830555215165926,0.12377791952708019,0.24907960428613282,0.8032992057840844,254,0.19998407619750636,0.12379208345441162,pooled+cityFE
neuroticism_mean_z,overall,us_census_population_density_km2_z,0.3179285608337473,0.09436911154591457,3.368989658009672,0.0007544425955275627,254,0.19998407619750636,0.12379208345441162,pooled+cityFE
neuroticism_mean_z,overall,acs_median_income_z,-0.24655525694874503,0.13395067948249703,-1.8406420773771568,0.06567402727930902,254,0.19998407619750636,0.12379208345441162,pooled+cityFE
neuroticism_mean_z,overall,acs_racial_diversity_z,-0.052191728791378816,0.08753168182478846,-0.5962610074812755,0.551000875471203,254,0.19998407619750636,0.12379208345441162,pooled+cityFE
neuroticism_mean_z,overall,city_austin_texas,0.6000440122867053,0.22005978791548123,2.7267317576310917,0.006396501528436644,254,0.19998407619750636,0.12379208345441162,pooled+cityFE
neuroticism_mean_z,overall,city_dallas_texas,-0.23167156961575314,0.3533806551260406,-0.6555864511970034,0.5120902454072789,254,0.19998407619750636,0.12379208345441162,pooled+cityFE
neuroticism_mean_z,overall,city_houston_texas,-0.15565328582109056,0.3084239963269511,-0.5046730723769208,0.6137884770397686,254,0.19998407619750636,0.12379208345441162,pooled+cityFE
neuroticism_mean_z,austin_texas,const,1.392168051311667,0.6600949646332224,2.109042071068087,0.0349409503570315,52,0.35365781840141586,-0.030107851922743567,city_only
neuroticism_mean_z,austin_texas,env_greenery_z,0.1473060979432061,0.4298035992440533,0.34272886081524406,0.7318024485128741,52,0.35365781840141586,-0.030107851922743567,city_only
neuroticism_mean_z,austin_texas,env_open_space_z,1.133892524543169,0.7547903761693789,1.5022615024555077,0.1330295867978573,52,0.35365781840141586,-0.030107851922743567,city_only
neuroticism_mean_z,austin_texas,env_building_z,-0.4182363500683062,0.5429816862391792,-0.7702586674057297,0.44114646917484246,52,0.35365781840141586,-0.030107851922743567,city_only
neuroticism_mean_z,austin_texas,env_road_z,-0.02977248209945932,0.4444104445745235,-0.06699320968471692,0.9465871089439993,52,0.35365781840141586,-0.030107851922743567,city_only
neuroticism_mean_z,austin_texas,env_active_infra_z,0.5322076992145119,0.5624885276415176,0.9461663181754632,0.34406376255563953,52,0.35365781840141586,-0.030107851922743567,city_only
neuroticism_mean_z,austin_texas,env_active_presence_z,-0.28687302746660814,0.35363737046671967,-0.8112067655293387,0.41724694102007187,52,0.35365781840141586,-0.030107851922743567,city_only
neuroticism_mean_z,austin_texas,env_vehicle_presence_z,0.014315470606539704,0.20276594734931258,0.07060096033718079,0.9437153460834619,52,0.35365781840141586,-0.030107851922743567,city_only
neuroticism_mean_z,austin_texas,env_physical_boundaries_z,-0.06794113154532111,0.7088010808870197,-0.09585359472123983,0.923636850848978,52,0.35365781840141586,-0.030107851922743567,city_only
neuroticism_mean_z,austin_texas,env_symbolic_us_flag_z,0.4863180605506462,0.29728460931349165,1.6358669279034743,0.1018674409498012,52,0.35365781840141586,-0.030107851922743567,city_only
neuroticism_mean_z,austin_texas,env_surveillance_cctv_z,0.23520008678501006,0.7835497871953514,0.3001724850527857,0.7640455916317366,52,0.35365781840141586,-0.030107851922743567,city_only
neuroticism_mean_z,austin_texas,visual_complexity_mean_z,0.9941371002919017,0.7232301308620402,1.3745792077370438,0.16926193837024084,52,0.35365781840141586,-0.030107851922743567,city_only
neuroticism_mean_z,austin_texas,us_census_male_share_z,-0.3395930751971268,0.2792859223113641,-1.2159333789066846,0.2240103015263789,52,0.35365781840141586,-0.030107851922743567,city_only
neuroticism_mean_z,austin_texas,us_census_age_15_29_share_z,0.18903609982331857,0.3960170294413246,0.4773433609408125,0.6331176389658992,52,0.35365781840141586,-0.030107851922743567,city_only
neuroticism_mean_z,austin_texas,us_census_age_30_44_share_z,-0.007308069274435893,0.2639324140897773,-0.027689169212653183,0.9779100621092454,52,0.35365781840141586,-0.030107851922743567,city_only
neuroticism_mean_z,austin_texas,us_census_age_45_59_share_z,-0.17271874495402847,0.2460902498414717,-0.7018512316733059,0.48277194511805077,52,0.35365781840141586,-0.030107851922743567,city_only
neuroticism_mean_z,austin_texas,us_census_age_60_plus_share_z,0.3216196587099418,0.32170699381689005,0.9997285259300333,0.3174419032505097,52,0.35365781840141586,-0.030107851922743567,city_only
neuroticism_mean_z,austin_texas,us_census_population_density_km2_z,-0.08024813056487592,0.3726886763072888,-0.2153221593958756,0.8295161541006785,52,0.35365781840141586,-0.030107851922743567,city_only
neuroticism_mean_z,austin_texas,acs_median_income_z,-0.09300954091404381,0.2591828547222704,-0.3588568426476705,0.7197021866238642,52,0.35365781840141586,-0.030107851922743567,city_only
neuroticism_mean_z,austin_texas,acs_racial_diversity_z,0.1817233994783291,0.1965806837779714,0.9244214435817972,0.3552669343835426,52,0.35365781840141586,-0.030107851922743567,city_only
neuroticism_mean_z,dallas_texas,const,-45.24202678863682,121.90739376959125,-0.3711179887427144,0.7105496531839841,51,0.4400752148686544,0.09689550785266843,city_only
neuroticism_mean_z,dallas_texas,env_greenery_z,0.5354716066575301,0.9115504546564511,0.5874294768020722,0.5569153017000932,51,0.4400752148686544,0.09689550785266843,city_only
neuroticism_mean_z,dallas_texas,env_open_space_z,0.16388283975871326,0.7195682920069401,0.22775161382059989,0.8198393446685712,51,0.4400752148686544,0.09689550785266843,city_only
neuroticism_mean_z,dallas_texas,env_building_z,0.21228832015701574,0.5983815098945013,0.3547708554604964,0.722761263938865,51,0.4400752148686544,0.09689550785266843,city_only
neuroticism_mean_z,dallas_texas,env_road_z,-0.1688575418100286,0.6959026807746365,-0.24264533888857373,0.8082801552385385,51,0.4400752148686544,0.09689550785266843,city_only
neuroticism_mean_z,dallas_texas,env_active_infra_z,0.39813813346022237,0.3266225947584142,1.2189546585247861,0.22286140226769413,51,0.4400752148686544,0.09689550785266843,city_only
neuroticism_mean_z,dallas_texas,env_active_presence_z,-0.03768221495958479,0.5489026389040293,-0.06865008890251152,0.9452681477017243,51,0.4400752148686544,0.09689550785266843,city_only
neuroticism_mean_z,dallas_texas,env_vehicle_presence_z,1.1866790837604009,0.5760321836940535,2.060091636113649,0.039389781311007364,51,0.4400752148686544,0.09689550785266843,city_only
neuroticism_mean_z,dallas_texas,env_physical_boundaries_z,0.132809100506822,0.2674112117805359,0.49664746523724024,0.6194376751410798,51,0.4400752148686544,0.09689550785266843,city_only
neuroticism_mean_z,dallas_texas,env_symbolic_us_flag_z,-0.24345524235403018,0.2943655516840961,-0.8270507230251545,0.40820831247699807,51,0.4400752148686544,0.09689550785266843,city_only
neuroticism_mean_z,dallas_texas,env_surveillance_cctv_z,-0.7930315729571292,0.4568326522261789,-1.7359345245849402,0.08257541239454942,51,0.4400752148686544,0.09689550785266843,city_only
neuroticism_mean_z,dallas_texas,visual_complexity_mean_z,-0.186618827164367,0.49210069743850005,-0.37922894264479184,0.7045178608118519,51,0.4400752148686544,0.09689550785266843,city_only
neuroticism_mean_z,dallas_texas,us_census_male_share_z,-0.1316424511597739,0.20360286531133445,-0.6465648258853136,0.5179136289510119,51,0.4400752148686544,0.09689550785266843,city_only
neuroticism_mean_z,dallas_texas,us_census_age_15_29_share_z,-0.8181651113581443,0.4422977806163018,-1.8498060519727353,0.06434150828702123,51,0.4400752148686544,0.09689550785266843,city_only
neuroticism_mean_z,dallas_texas,us_census_age_30_44_share_z,-0.3582075408764734,0.34954990127382773,-1.0247679646628294,0.3054726854965052,51,0.4400752148686544,0.09689550785266843,city_only
neuroticism_mean_z,dallas_texas,us_census_age_45_59_share_z,-0.36588070150262386,0.2475946680069956,-1.477740633301062,0.13947721394673,51,0.4400752148686544,0.09689550785266843,city_only
neuroticism_mean_z,dallas_texas,us_census_age_60_plus_share_z,-0.40856098651056216,0.3054883223988655,-1.3374029596362715,0.18109113890080508,51,0.4400752148686544,0.09689550785266843,city_only
neuroticism_mean_z,dallas_texas,us_census_population_density_km2_z,0.08644614450592304,0.25604634364638057,0.337619132828984,0.7356502220633623,51,0.4400752148686544,0.09689550785266843,city_only
neuroticism_mean_z,dallas_texas,acs_median_income_z,362.84896888525407,1001.1035721786559,0.362448980274441,0.7170165430732972,51,0.4400752148686544,0.09689550785266843,city_only
neuroticism_mean_z,dallas_texas,acs_racial_diversity_z,0.31810465919065734,0.30389306633360186,1.0467651105979976,0.2952079254987311,51,0.4400752148686544,0.09689550785266843,city_only
neuroticism_mean_z,houston_texas,const,-40.54348346894168,48.80565451136829,-0.8307128318399642,0.406135875636786,94,0.3379630658792533,0.16798060982122365,city_only
neuroticism_mean_z,houston_texas,env_greenery_z,0.21270956062157304,0.24209110586470803,0.8786343466101775,0.37959956664806493,94,0.3379630658792533,0.16798060982122365,city_only
neuroticism_mean_z,houston_texas,env_open_space_z,0.5296622353802334,0.27902541219035976,1.8982580519185164,0.05766209691581492,94,0.3379630658792533,0.16798060982122365,city_only
neuroticism_mean_z,houston_texas,env_building_z,0.182532966796232,0.3975257298869956,0.45917271027493123,0.6461101459363185,94,0.3379630658792533,0.16798060982122365,city_only
neuroticism_mean_z,houston_texas,env_road_z,0.16463391606424949,0.36079642730787953,0.4563069465312691,0.648169269408776,94,0.3379630658792533,0.16798060982122365,city_only
neuroticism_mean_z,houston_texas,env_active_infra_z,-0.017458844034101462,0.2465875768869564,-0.07080179891667922,0.9435555000914944,94,0.3379630658792533,0.16798060982122365,city_only
neuroticism_mean_z,houston_texas,env_active_presence_z,-0.05465285663376134,0.21560094704340477,-0.2534908004033889,0.7998889692886129,94,0.3379630658792533,0.16798060982122365,city_only
neuroticism_mean_z,houston_texas,env_vehicle_presence_z,-0.3023310531586831,0.18497100588489293,-1.6344780724543557,0.10215850679048934,94,0.3379630658792533,0.16798060982122365,city_only
neuroticism_mean_z,houston_texas,env_physical_boundaries_z,-0.7324218053748618,0.30633824810295074,-2.3908924527397493,0.016807475427668642,94,0.3379630658792533,0.16798060982122365,city_only
neuroticism_mean_z,houston_texas,env_symbolic_us_flag_z,0.2561500747733301,0.10903499198908748,2.349246513440074,0.01881144791147669,94,0.3379630658792533,0.16798060982122365,city_only
neuroticism_mean_z,houston_texas,env_surveillance_cctv_z,-0.03349562682671246,0.1840973962307057,-0.1819451416071995,0.8556257778208753,94,0.3379630658792533,0.16798060982122365,city_only
neuroticism_mean_z,houston_texas,visual_complexity_mean_z,0.14499012236274028,0.22552352379067328,0.6429046510346185,0.520285971298603,94,0.3379630658792533,0.16798060982122365,city_only
neuroticism_mean_z,houston_texas,us_census_male_share_z,0.3277949467365742,0.1752885232447238,1.870030853525608,0.061479533457618855,94,0.3379630658792533,0.16798060982122365,city_only
neuroticism_mean_z,houston_texas,us_census_age_15_29_share_z,-0.14305821871131383,0.21406230923262878,-0.6683017632770074,0.5039409880216512,94,0.3379630658792533,0.16798060982122365,city_only
neuroticism_mean_z,houston_texas,us_census_age_30_44_share_z,-0.12941198390624942,0.21546288173096712,-0.6006230997496672,0.5480910488093791,94,0.3379630658792533,0.16798060982122365,city_only
neuroticism_mean_z,houston_texas,us_census_age_45_59_share_z,-0.03225654631104742,0.21412210978170668,-0.15064556548565836,0.8802553154725872,94,0.3379630658792533,0.16798060982122365,city_only
neuroticism_mean_z,houston_texas,us_census_age_60_plus_share_z,0.06327853566602193,0.28798178136061364,0.2197310377311123,0.8260806307354891,94,0.3379630658792533,0.16798060982122365,city_only
neuroticism_mean_z,houston_texas,us_census_population_density_km2_z,0.31382282588612126,0.1228259034695255,2.5550215143663424,0.010618123480141461,94,0.3379630658792533,0.16798060982122365,city_only
neuroticism_mean_z,houston_texas,acs_median_income_z,330.41595554553487,400.25096755842134,0.8255219407990733,0.4090753314257739,94,0.3379630658792533,0.16798060982122365,city_only
neuroticism_mean_z,houston_texas,acs_racial_diversity_z,0.022864362949586246,0.1650750647439429,0.1385088837314856,0.889838249087079,94,0.3379630658792533,0.16798060982122365,city_only
neuroticism_mean_z,san_antonio_texas,const,10.41195559772274,74.67433341275907,0.1394315171207638,0.8891091685404169,57,0.39572685455745704,0.08542442851939436,city_only
neuroticism_mean_z,san_antonio_texas,env_greenery_z,-0.1337212540930666,0.5279040731003565,-0.25330597149540407,0.8000317819698988,57,0.39572685455745704,0.08542442851939436,city_only
neuroticism_mean_z,san_antonio_texas,env_open_space_z,0.39667609627188805,0.391471265264081,1.0132955633520022,0.3109190060618291,57,0.39572685455745704,0.08542442851939436,city_only
neuroticism_mean_z,san_antonio_texas,env_building_z,0.27224420500499275,0.5567084757300226,0.48902471737652936,0.624824197769011,57,0.39572685455745704,0.08542442851939436,city_only
neuroticism_mean_z,san_antonio_texas,env_road_z,0.26177933522853175,0.408763717472864,0.6404172484949331,0.5219013721284409,57,0.39572685455745704,0.08542442851939436,city_only
neuroticism_mean_z,san_antonio_texas,env_active_infra_z,-2.831323351415297,1.1306497685520178,-2.504155955421342,0.012274391652802674,57,0.39572685455745704,0.08542442851939436,city_only
neuroticism_mean_z,san_antonio_texas,env_active_presence_z,0.13987554909733785,0.2714686321900852,0.5152549227101697,0.6063748940521159,57,0.39572685455745704,0.08542442851939436,city_only
neuroticism_mean_z,san_antonio_texas,env_vehicle_presence_z,0.12275531624479834,0.2014401766063911,0.609388446301152,0.5422669942386151,57,0.39572685455745704,0.08542442851939436,city_only
neuroticism_mean_z,san_antonio_texas,env_physical_boundaries_z,-0.14049514568477958,0.357036882806087,-0.3935031713826747,0.6939478821071827,57,0.39572685455745704,0.08542442851939436,city_only
neuroticism_mean_z,san_antonio_texas,env_symbolic_us_flag_z,0.007188983624696924,0.22964118484660784,0.03130528885530228,0.9750260725801708,57,0.39572685455745704,0.08542442851939436,city_only
neuroticism_mean_z,san_antonio_texas,env_surveillance_cctv_z,0.09848464816604555,0.19662136715340478,0.5008847695032423,0.6164522219857446,57,0.39572685455745704,0.08542442851939436,city_only
neuroticism_mean_z,san_antonio_texas,visual_complexity_mean_z,0.31196831302003714,0.5792035335069488,0.5386160390478599,0.5901518181556605,57,0.39572685455745704,0.08542442851939436,city_only
neuroticism_mean_z,san_antonio_texas,us_census_male_share_z,-0.16801685237982641,0.24067166560556338,-0.6981164648404815,0.48510436206456764,57,0.39572685455745704,0.08542442851939436,city_only
neuroticism_mean_z,san_antonio_texas,us_census_age_15_29_share_z,0.589193104805439,0.41426150522203664,1.4222733644769676,0.15494690809806838,57,0.39572685455745704,0.08542442851939436,city_only
neuroticism_mean_z,san_antonio_texas,us_census_age_30_44_share_z,0.38658101241156834,0.2971479539434956,1.3009714766034666,0.19326821823115692,57,0.39572685455745704,0.08542442851939436,city_only
neuroticism_mean_z,san_antonio_texas,us_census_age_45_59_share_z,-0.3153075240222122,0.30895612079697277,-1.0205576222566997,0.30746407584558055,57,0.39572685455745704,0.08542442851939436,city_only
neuroticism_mean_z,san_antonio_texas,us_census_age_60_plus_share_z,0.639594823341572,0.32802240538542526,1.9498510249324286,0.05119387787329602,57,0.39572685455745704,0.08542442851939436,city_only
neuroticism_mean_z,san_antonio_texas,us_census_population_density_km2_z,0.48538916908427704,0.29998897691001425,1.6180233490041738,0.10565756584375229,57,0.39572685455745704,0.08542442851939436,city_only
neuroticism_mean_z,san_antonio_texas,acs_median_income_z,-95.93975522052173,613.511852188907,-0.15637799804229507,0.8757350788281111,57,0.39572685455745704,0.08542442851939436,city_only
neuroticism_mean_z,san_antonio_texas,acs_racial_diversity_z,-0.5131134719986211,0.2615012175515241,-1.9621838735703834,0.04974108074887963,57,0.39572685455745704,0.08542442851939436,city_only
openness_mean_z,overall,const,0.01614192573864517,0.1518418395650268,0.10630749591078507,0.9153383844179651,254,0.434623944449696,0.38077860582585743,pooled+cityFE
openness_mean_z,overall,env_greenery_z,0.11981523525120773,0.1512641822788856,0.7920925723863995,0.428306700698437,254,0.434623944449696,0.38077860582585743,pooled+cityFE
openness_mean_z,overall,env_open_space_z,-0.12155995726185453,0.20250592466962858,-0.6002785225181406,0.548320629900573,254,0.434623944449696,0.38077860582585743,pooled+cityFE
openness_mean_z,overall,env_building_z,0.17981463392745484,0.1366748367047424,1.315638183756583,0.1882955111944954,254,0.434623944449696,0.38077860582585743,pooled+cityFE
openness_mean_z,overall,env_road_z,-0.008592993770806101,0.1472686488333686,-0.05834910443518019,0.9534705544292302,254,0.434623944449696,0.38077860582585743,pooled+cityFE
openness_mean_z,overall,env_active_infra_z,-0.006811189800034536,0.08203804043896858,-0.08302477440452342,0.9338318404912402,254,0.434623944449696,0.38077860582585743,pooled+cityFE
openness_mean_z,overall,env_active_presence_z,0.06193770825990554,0.10487131442542463,0.590606769823127,0.5547839278307073,254,0.434623944449696,0.38077860582585743,pooled+cityFE
openness_mean_z,overall,env_vehicle_presence_z,0.03405516388052737,0.07815210585448797,0.43575491035308705,0.6630145613630135,254,0.434623944449696,0.38077860582585743,pooled+cityFE
openness_mean_z,overall,env_physical_boundaries_z,-0.07397608944967392,0.10500775404377241,-0.7044821606110825,0.4811325558214343,254,0.434623944449696,0.38077860582585743,pooled+cityFE
openness_mean_z,overall,env_symbolic_us_flag_z,-0.023923009630691435,0.050981563044997694,-0.469248257641225,0.6388921952236442,254,0.434623944449696,0.38077860582585743,pooled+cityFE
openness_mean_z,overall,env_surveillance_cctv_z,-0.1664373965624074,0.09718908827073353,-1.7125111421847403,0.08680251303334062,254,0.434623944449696,0.38077860582585743,pooled+cityFE
openness_mean_z,overall,visual_complexity_mean_z,0.04218207610726772,0.1589445787631545,0.2653885803184506,0.7907101324493622,254,0.434623944449696,0.38077860582585743,pooled+cityFE
openness_mean_z,overall,us_census_male_share_z,-0.06890606878490364,0.06155509898876298,-1.1194209727041882,0.2629605878013208,254,0.434623944449696,0.38077860582585743,pooled+cityFE
openness_mean_z,overall,us_census_age_15_29_share_z,0.6911319458767801,0.13618132727026636,5.075085988148397,3.873208068412263e-07,254,0.434623944449696,0.38077860582585743,pooled+cityFE
openness_mean_z,overall,us_census_age_30_44_share_z,0.46585726176448,0.10194859694700277,4.569530878454879,4.888171454778398e-06,254,0.434623944449696,0.38077860582585743,pooled+cityFE
openness_mean_z,overall,us_census_age_45_59_share_z,0.24524851059385008,0.07339165032123648,3.341640493440238,0.00083284855587087,254,0.434623944449696,0.38077860582585743,pooled+cityFE
openness_mean_z,overall,us_census_age_60_plus_share_z,0.3434020293324769,0.11307828198536546,3.036852199230616,0.0023906264429562557,254,0.434623944449696,0.38077860582585743,pooled+cityFE
openness_mean_z,overall,us_census_population_density_km2_z,-0.06487980321664757,0.11040414588780414,-0.5876573084726392,0.5567623362474585,254,0.434623944449696,0.38077860582585743,pooled+cityFE
openness_mean_z,overall,acs_median_income_z,-0.011970173284150048,0.12470780796761849,-0.09598575645927648,0.9235318850245812,254,0.434623944449696,0.38077860582585743,pooled+cityFE
openness_mean_z,overall,acs_racial_diversity_z,0.03193152332680986,0.08180037311753822,0.3903591403052372,0.6962709973045919,254,0.434623944449696,0.38077860582585743,pooled+cityFE
openness_mean_z,overall,city_austin_texas,0.11578294924597313,0.19620426249532566,0.5901143419283845,0.5551139942454759,254,0.434623944449696,0.38077860582585743,pooled+cityFE
openness_mean_z,overall,city_dallas_texas,0.024899263640601528,0.2552336006069974,0.09755480305643933,0.922285815179593,254,0.434623944449696,0.38077860582585743,pooled+cityFE
openness_mean_z,overall,city_houston_texas,-0.11669924323334065,0.21424370590251546,-0.5447032515692236,0.585957628158412,254,0.434623944449696,0.38077860582585743,pooled+cityFE
openness_mean_z,austin_texas,const,-1.143554550187788,0.7617429364297036,-1.5012342031652293,0.1332949963161489,52,0.7569038831442085,0.6125655637610823,city_only
openness_mean_z,austin_texas,env_greenery_z,-0.5574108864368391,0.37046326035873417,-1.5046320272004199,0.13241870744810277,52,0.7569038831442085,0.6125655637610823,city_only
openness_mean_z,austin_texas,env_open_space_z,-1.6722658034498077,0.3807199259753998,-4.392377938101042,1.1211757872858937e-05,52,0.7569038831442085,0.6125655637610823,city_only
openness_mean_z,austin_texas,env_building_z,0.13562459390905923,0.6020464722948211,0.22527263284526663,0.8217671883448271,52,0.7569038831442085,0.6125655637610823,city_only
openness_mean_z,austin_texas,env_road_z,-0.3795802448859722,0.27666282634715755,-1.3719958329698891,0.17006473503257125,52,0.7569038831442085,0.6125655637610823,city_only
openness_mean_z,austin_texas,env_active_infra_z,-0.7113760056961738,0.5143819703858586,-1.382972278679484,0.16667336605372385,52,0.7569038831442085,0.6125655637610823,city_only
openness_mean_z,austin_texas,env_active_presence_z,-0.29888595945108337,0.381485908469397,-0.7834783744707051,0.4333462480188418,52,0.7569038831442085,0.6125655637610823,city_only
openness_mean_z,austin_texas,env_vehicle_presence_z,0.5338141460719033,0.1751717215109259,3.047376262946688,0.002308485471214469,52,0.7569038831442085,0.6125655637610823,city_only
openness_mean_z,austin_texas,env_physical_boundaries_z,-1.3107636518445809,0.8594746132436195,-1.525075472442189,0.12724027415626782,52,0.7569038831442085,0.6125655637610823,city_only
openness_mean_z,austin_texas,env_symbolic_us_flag_z,-0.5617906588525284,0.3889116075322778,-1.4445201633790332,0.1485927120992646,52,0.7569038831442085,0.6125655637610823,city_only
openness_mean_z,austin_texas,env_surveillance_cctv_z,-0.23465948811439963,0.671131013585479,-0.34964780849680116,0.7266030268581836,52,0.7569038831442085,0.6125655637610823,city_only
openness_mean_z,austin_texas,visual_complexity_mean_z,0.13567366706478828,0.7579465513230816,0.1790016285817971,0.857936422924896,52,0.7569038831442085,0.6125655637610823,city_only
openness_mean_z,austin_texas,us_census_male_share_z,0.5215068125165003,0.37983685713475746,1.3729757992692153,0.16975987029111117,52,0.7569038831442085,0.6125655637610823,city_only
openness_mean_z,austin_texas,us_census_age_15_29_share_z,-0.008840736284186468,0.3835078015213145,-0.023052298412487758,0.9816085559149166,52,0.7569038831442085,0.6125655637610823,city_only
openness_mean_z,austin_texas,us_census_age_30_44_share_z,-0.001321080084037668,0.3339598676413134,-0.00395580490963831,0.9968437325688055,52,0.7569038831442085,0.6125655637610823,city_only
openness_mean_z,austin_texas,us_census_age_45_59_share_z,-0.05686219565623779,0.2905037492628039,-0.19573652939259473,0.8448163910926756,52,0.7569038831442085,0.6125655637610823,city_only
openness_mean_z,austin_texas,us_census_age_60_plus_share_z,0.053974699574350526,0.19972985641408936,0.27023851387770303,0.7869767647480426,52,0.7569038831442085,0.6125655637610823,city_only
openness_mean_z,austin_texas,us_census_population_density_km2_z,-0.44433400147252355,0.32992153460785234,-1.346786901924007,0.1780488743785984,52,0.7569038831442085,0.6125655637610823,city_only
openness_mean_z,austin_texas,acs_median_income_z,-0.10242616153433035,0.25288656462667086,-0.405028087140727,0.68545686534361,52,0.7569038831442085,0.6125655637610823,city_only
openness_mean_z,austin_texas,acs_racial_diversity_z,-0.12946472786855368,0.22347068732029587,-0.5793365090563067,0.5623621355449692,52,0.7569038831442085,0.6125655637610823,city_only
openness_mean_z,dallas_texas,const,75.88885952332046,61.027146196018016,1.243526270744611,0.21367396637163993,51,0.650667263391158,0.43656010224380326,city_only
openness_mean_z,dallas_texas,env_greenery_z,0.28358141278020865,0.33741825026763594,0.8404447967923354,0.4006590410577838,51,0.650667263391158,0.43656010224380326,city_only
openness_mean_z,dallas_texas,env_open_space_z,0.03510025988737586,0.3423247318324804,0.10253498103827473,0.9183320483043685,51,0.650667263391158,0.43656010224380326,city_only
openness_mean_z,dallas_texas,env_building_z,0.4137370113934396,0.23229475259105012,1.7810863430127268,0.07489834644743645,51,0.650667263391158,0.43656010224380326,city_only
openness_mean_z,dallas_texas,env_road_z,0.4065301499230174,0.4207183993690599,0.9662761375130723,0.33390602327247654,51,0.650667263391158,0.43656010224380326,city_only
openness_mean_z,dallas_texas,env_active_infra_z,-0.05589098943382155,0.15654163362948484,-0.357035940777958,0.7210648997094186,51,0.650667263391158,0.43656010224380326,city_only
openness_mean_z,dallas_texas,env_active_presence_z,0.21423334343414693,0.3069058494556912,0.6980425554419951,0.48515058107267195,51,0.650667263391158,0.43656010224380326,city_only
openness_mean_z,dallas_texas,env_vehicle_presence_z,-0.5462179361444803,0.24978856320031217,-2.1867211578716415,0.028762886086019797,51,0.650667263391158,0.43656010224380326,city_only
openness_mean_z,dallas_texas,env_physical_boundaries_z,0.03591728251350136,0.1686723318884277,0.21294116297188384,0.8313728551868299,51,0.650667263391158,0.43656010224380326,city_only
openness_mean_z,dallas_texas,env_symbolic_us_flag_z,-0.16751450118648942,0.21514218019228418,-0.7786223093805811,0.4362022333365764,51,0.650667263391158,0.43656010224380326,city_only
openness_mean_z,dallas_texas,env_surveillance_cctv_z,-0.12622480070569933,0.25202943651376825,-0.5008335631413584,0.6164882624557871,51,0.650667263391158,0.43656010224380326,city_only
openness_mean_z,dallas_texas,visual_complexity_mean_z,-0.09141531187286875,0.30762291721359075,-0.29716678035855393,0.7663391823240875,51,0.650667263391158,0.43656010224380326,city_only
openness_mean_z,dallas_texas,us_census_male_share_z,-0.2169660417022775,0.09556649619003738,-2.2703149152903213,0.02318848272729336,51,0.650667263391158,0.43656010224380326,city_only
openness_mean_z,dallas_texas,us_census_age_15_29_share_z,1.2222031504234439,0.3109685554727496,3.9303110520785323,8.483603933205981e-05,51,0.650667263391158,0.43656010224380326,city_only
openness_mean_z,dallas_texas,us_census_age_30_44_share_z,0.6188013560086478,0.21579919706398934,2.8674868323312586,0.004137460211036395,51,0.650667263391158,0.43656010224380326,city_only
openness_mean_z,dallas_texas,us_census_age_45_59_share_z,0.6889273804035689,0.1503931800181167,4.5808418993506175,4.631078486962592e-06,51,0.650667263391158,0.43656010224380326,city_only
openness_mean_z,dallas_texas,us_census_age_60_plus_share_z,0.30228327505752445,0.18578947918288358,1.6270204124958505,0.10373276255990223,51,0.650667263391158,0.43656010224380326,city_only
openness_mean_z,dallas_texas,us_census_population_density_km2_z,-0.209937191978136,0.19261424235779237,-1.089935974662586,0.27574134830749897,51,0.650667263391158,0.43656010224380326,city_only
openness_mean_z,dallas_texas,acs_median_income_z,-621.4597032116567,501.63830923050534,-1.2388601344362096,0.21539729943115238,51,0.650667263391158,0.43656010224380326,city_only
openness_mean_z,dallas_texas,acs_racial_diversity_z,0.0441659676931853,0.17114101641959859,0.25806769538460883,0.7963546626569296,51,0.650667263391158,0.43656010224380326,city_only
openness_mean_z,houston_texas,const,-37.90364937526707,48.85866192921358,-0.7757815682750762,0.43787796864345785,94,0.448752903890263,0.3072164873215467,city_only
openness_mean_z,houston_texas,env_greenery_z,0.05473009763763821,0.31302869540860884,0.17484051283604155,0.8612049539699406,94,0.448752903890263,0.3072164873215467,city_only
openness_mean_z,houston_texas,env_open_space_z,0.06857284273483932,0.38866104575483384,0.1764335363263929,0.8599533597189434,94,0.448752903890263,0.3072164873215467,city_only
openness_mean_z,houston_texas,env_building_z,0.19396617232772798,0.32670223632535766,0.593709349863648,0.5527065283964596,94,0.448752903890263,0.3072164873215467,city_only
openness_mean_z,houston_texas,env_road_z,0.18964758557271577,0.31709575936718465,0.5980767007139669,0.5497887558501631,94,0.448752903890263,0.3072164873215467,city_only
openness_mean_z,houston_texas,env_active_infra_z,0.18496703843010515,0.22245384139638233,0.8314850274961949,0.40569968303943693,94,0.448752903890263,0.3072164873215467,city_only
openness_mean_z,houston_texas,env_active_presence_z,0.06689580443830032,0.20458613423335584,0.32698112552435915,0.7436821608986347,94,0.448752903890263,0.3072164873215467,city_only
openness_mean_z,houston_texas,env_vehicle_presence_z,-0.08566447170471901,0.16869190293245567,-0.5078161441988067,0.6115822868134411,94,0.448752903890263,0.3072164873215467,city_only
openness_mean_z,houston_texas,env_physical_boundaries_z,0.24355552746998896,0.3838176821283859,0.6345604666241519,0.5257151187115918,94,0.448752903890263,0.3072164873215467,city_only
openness_mean_z,houston_texas,env_symbolic_us_flag_z,0.04226242776039999,0.10327994236785526,0.4092026659917435,0.6823909380823233,94,0.448752903890263,0.3072164873215467,city_only
openness_mean_z,houston_texas,env_surveillance_cctv_z,-0.3277707975148971,0.13343736141587725,-2.456364499694737,0.014035071985356667,94,0.448752903890263,0.3072164873215467,city_only
openness_mean_z,houston_texas,visual_complexity_mean_z,0.19051144491473257,0.28827463030553185,0.6608678839092305,0.5086970438274208,94,0.448752903890263,0.3072164873215467,city_only
openness_mean_z,houston_texas,us_census_male_share_z,-0.09945236785633937,0.15293995313019468,-0.6502706834994096,0.5155173904175343,94,0.448752903890263,0.3072164873215467,city_only
openness_mean_z,houston_texas,us_census_age_15_29_share_z,0.49859926091486817,0.20554624168018018,2.4257279376125207,0.015277718474246547,94,0.448752903890263,0.3072164873215467,city_only
openness_mean_z,houston_texas,us_census_age_30_44_share_z,0.42046465413866235,0.1846909367698256,2.2765852049506576,0.02281100720737272,94,0.448752903890263,0.3072164873215467,city_only
openness_mean_z,houston_texas,us_census_age_45_59_share_z,-0.08349957668001119,0.20856890792901248,-0.40034527441851836,0.6889022258277389,94,0.448752903890263,0.3072164873215467,city_only
openness_mean_z,houston_texas,us_census_age_60_plus_share_z,0.3238623082388782,0.20248204905347889,1.5994618276178187,0.10971802386928756,94,0.448752903890263,0.3072164873215467,city_only
openness_mean_z,houston_texas,us_census_population_density_km2_z,0.08776833377381651,0.12953052046203176,0.6775880577083248,0.4980329201587378,94,0.448752903890263,0.3072164873215467,city_only
openness_mean_z,houston_texas,acs_median_income_z,310.30709780314726,400.5833269896187,0.7746380762651887,0.4385535513026694,94,0.448752903890263,0.3072164873215467,city_only
openness_mean_z,houston_texas,acs_racial_diversity_z,-0.054201558214730286,0.14420249722998196,-0.37587114825263185,0.7070126907196528,94,0.448752903890263,0.3072164873215467,city_only
openness_mean_z,san_antonio_texas,const,-47.02850297928744,71.612150526487,-0.6567112233543821,0.511366616475118,57,0.6201473012637302,0.42508780731807805,city_only
openness_mean_z,san_antonio_texas,env_greenery_z,0.3724675511754314,0.5255010007575119,0.7087856172272133,0.4784575244751482,57,0.6201473012637302,0.42508780731807805,city_only
openness_mean_z,san_antonio_texas,env_open_space_z,0.3807198728265548,0.5327661751982637,0.7146096928636162,0.47485025368855094,57,0.6201473012637302,0.42508780731807805,city_only
openness_mean_z,san_antonio_texas,env_building_z,0.7312005458438613,0.5062890859420026,1.4442352524415727,0.1486728117745953,57,0.6201473012637302,0.42508780731807805,city_only
openness_mean_z,san_antonio_texas,env_road_z,-0.2067083783010247,0.3148316772033551,-0.6565679163456868,0.511458784210474,57,0.6201473012637302,0.42508780731807805,city_only
openness_mean_z,san_antonio_texas,env_active_infra_z,0.9346472781159334,0.832296506850362,1.1229739286698375,0.26144856728863686,57,0.6201473012637302,0.42508780731807805,city_only
openness_mean_z,san_antonio_texas,env_active_presence_z,-0.28065914113026935,0.2003778058588863,-1.400649837077866,0.16131881005630522,57,0.6201473012637302,0.42508780731807805,city_only
openness_mean_z,san_antonio_texas,env_vehicle_presence_z,-0.12902651296354417,0.18469370680347827,-0.6985972353721489,0.48480377195078106,57,0.6201473012637302,0.42508780731807805,city_only
openness_mean_z,san_antonio_texas,env_physical_boundaries_z,-0.05433864220118854,0.3054132536040111,-0.1779184156547517,0.858787047987062,57,0.6201473012637302,0.42508780731807805,city_only
openness_mean_z,san_antonio_texas,env_symbolic_us_flag_z,0.07538620977817133,0.1570881345080858,0.4798975429572688,0.631300248446726,57,0.6201473012637302,0.42508780731807805,city_only
openness_mean_z,san_antonio_texas,env_surveillance_cctv_z,-0.1687176507001295,0.12383161291921689,-1.3624764042296258,0.17304758577584045,57,0.6201473012637302,0.42508780731807805,city_only
openness_mean_z,san_antonio_texas,visual_complexity_mean_z,-0.05447539671729783,0.4314151917293709,-0.12627139183237326,0.8995171009832611,57,0.6201473012637302,0.42508780731807805,city_only
openness_mean_z,san_antonio_texas,us_census_male_share_z,-0.5038187516693039,0.3014766086458817,-1.6711702905650496,0.09468804668344848,57,0.6201473012637302,0.42508780731807805,city_only
openness_mean_z,san_antonio_texas,us_census_age_15_29_share_z,0.9671982652628465,0.4761990136285667,2.0310799425915174,0.042246885754618484,57,0.6201473012637302,0.42508780731807805,city_only
openness_mean_z,san_antonio_texas,us_census_age_30_44_share_z,0.2985333510460387,0.2625882769661845,1.1368875811789692,0.25558528433853533,57,0.6201473012637302,0.42508780731807805,city_only
openness_mean_z,san_antonio_texas,us_census_age_45_59_share_z,0.6897017043994865,0.15656745248166878,4.405141001321702,1.0571509220892035e-05,57,0.6201473012637302,0.42508780731807805,city_only
openness_mean_z,san_antonio_texas,us_census_age_60_plus_share_z,-0.015009522524522995,0.24637640889903478,-0.06092110276140078,0.9514220430856026,57,0.6201473012637302,0.42508780731807805,city_only
openness_mean_z,san_antonio_texas,us_census_population_density_km2_z,-0.1221177619365731,0.2938683970721452,-0.415552550574511,0.6777374538145697,57,0.6201473012637302,0.42508780731807805,city_only
openness_mean_z,san_antonio_texas,acs_median_income_z,392.3803018797435,588.9153668881986,0.6662762154654968,0.50523456527228,57,0.6201473012637302,0.42508780731807805,city_only
openness_mean_z,san_antonio_texas,acs_racial_diversity_z,0.0848058861430034,0.1805411833359097,0.46973152926119915,0.638546838758635,57,0.6201473012637302,0.42508780731807805,city_only
